abdelkader	mohamed ali	MOHAMED ALI Abdelkader
abel	matutes juan	MATUTES JUAN Abel
achille	occhetto	OCCHETTO Achille
adam	biela	BIELA Adam
adam	bielan	BIELAN Adam
adam	gierek	GIEREK Adam
adam	szejnfeld	SZEJNFELD Adam
adamos	adamou	ADAMOU Adamos
adeline	hazan	HAZAN Adeline
adina-ioana	vălean	VĂLEAN Adina-Ioana
adrian	manole	MANOLE Adrian
adrian	severin	SEVERIN Adrian
adrian-mihai	cioroianu	CIOROIANU Adrian-Mihai
adriana	poli bortone	POLI BORTONE Adriana
afzal	khan	KHAN Afzal
agnes	jongerius	JONGERIUS Agnes
agnes	schierhuber	SCHIERHUBER Agnes
agnieszka	kozłowska-rajewicz	KOZŁOWSKA-RAJEWICZ Agnieszka
agnieszka	pasternak	PASTERNAK Agnieszka
agnès	le brun	LE BRUN Agnès
agustín	díaz de mera garcía consuegra	DÍAZ DE MERA GARCÍA CONSUEGRA Agustín
alain	cadec	CADEC Alain
alain	esclopé	ESCLOPÉ Alain
alain	hutchinson	HUTCHINSON Alain
alain	krivine	KRIVINE Alain
alain	lamassoure	LAMASSOURE Alain
alain	lipietz	LIPIETZ Alain
alain	madelin	MADELIN Alain
alain	pompidou	POMPIDOU Alain
alajos	mészáros	MÉSZÁROS Alajos
alan	kelly	KELLY Alan
alan john	donnelly	DONNELLY Alan John
alan leslie	gillis	GILLIS Alan Leslie
albert	dess	DESS Albert
albert jan	maat	MAAT Albert Jan
alberto	cirio	CIRIO Alberto
albrecht karl	konecny	KONECNY Albrecht Karl
alda	sousa	SOUSA Alda
aldis	kušķis	KUŠĶIS Aldis
aldo	arroni	ARRONI Aldo
aldo	patriciello	PATRICIELLO Aldo
alejandro	agag longo	AGAG LONGO Alejandro
alejandro	cercas	CERCAS Alejandro
alejo	vidal-quadras	VIDAL-QUADRAS Alejo
aleksander marek	szczygło	SZCZYGŁO Aleksander Marek
aleksandrs	kiršteins	KIRŠTEINS Aleksandrs
alena	palečková	PALEČKOVÁ Alena
alessandra	moretti	MORETTI Alessandra
alessandra	mussolini	MUSSOLINI Alessandra
alessandro	battilocchio	BATTILOCCHIO Alessandro
alessandro	danesin	DANESIN Alessandro
alessandro	foglietta	FOGLIETTA Alessandro
alessandro	fontana	FONTANA Alessandro
alessia maria	mosca	MOSCA Alessia Maria
alex	smith	SMITH Alex
alexander	alvaro	ALVARO Alexander
alexander	arabadjiev	ARABADJIEV Alexander
alexander	de roo	DE ROO Alexander
alexander	mirsky	MIRSKY Alexander
alexander	radwan	RADWAN Alexander
alexander	stubb	STUBB Alexander
alexander c.	falconer	FALCONER Alexander C.
alexander graf	lambsdorff	LAMBSDORFF Alexander Graf
alexandra	dobolyi	DOBOLYI Alexandra
alexandra	thein	THEIN Alexandra
alexandre	varaut	VARAUT Alexandre
alexandros	alavanos	ALAVANOS Alexandros
alexandros	baltas	BALTAS Alexandros
alexandru	athanasiu	ATHANASIU Alexandru
alexandru	nazare	NAZARE Alexandru
alexandru-ioan	morțun	MORȚUN Alexandru-Ioan
alf	svensson	SVENSSON Alf
alfonso	andria	ANDRIA Alfonso
alfonso	novo belenguer	NOVO BELENGUER Alfonso
alfonso luigi	marra	MARRA Alfonso Luigi
alfred	gomolka	GOMOLKA Alfred
alfred	lomas	LOMAS Alfred
alfred	sant	SANT Alfred
alfredo	antoniozzi	ANTONIOZZI Alfredo
alfredo	pallone	PALLONE Alfredo
alfreds	rubiks	RUBIKS Alfreds
algirdas	saudargas	SAUDARGAS Algirdas
alima	boumediene-thiery	BOUMEDIENE-THIERY Alima
alin lucian	antochi	ANTOCHI Alin Lucian
aline	pailler	PAILLER Aline
allan	macartney	MACARTNEY Allan
alman	metten	METTEN Alman
alojz	peterle	PETERLE Alojz
alonso josé	puerta	PUERTA Alonso José
aloyzas	sakalas	SAKALAS Aloyzas
alyn	smith	SMITH Alyn
amalia	sartori	SARTORI Amalia
ambroise	guellec	GUELLEC Ambroise
amedeo	amadeo	AMADEO Amedeo
amelia	andersdotter	ANDERSDOTTER Amelia
amjad	bashir	BASHIR Amjad
ana	gomes	GOMES Ana
ana	mato adrover	MATO ADROVER Ana
ana	miranda de lage	MIRANDA DE LAGE Ana
ana	palacio vallelersundi	PALACIO VALLELERSUNDI Ana
ana maria	miranda paz	MIRANDA PAZ Ana Maria
anders	samuelsen	SAMUELSEN Anders
anders	wijkman	WIJKMAN Anders
anders primdahl	vistisen	VISTISEN Anders Primdahl
andi	cristea	CRISTEA Andi
andis	kāposts	KĀPOSTS Andis
andor	deli	DELI Andor
andrea	bocskor	BOCSKOR Andrea
andrea	cozzolino	COZZOLINO Andrea
andrea	losco	LOSCO Andrea
andrea	manzella	MANZELLA Andrea
andrea	zanoni	ZANONI Andrea
andrea	češková	ČEŠKOVÁ Andrea
andreas	angelides	ANGELIDES Andreas
andreas	mölzer	MÖLZER Andreas
andreas	pitsillides	PITSILLIDES Andreas
andreas	schwab	SCHWAB Andreas
andrej	plenković	PLENKOVIĆ Andrej
andrejs	mamikins	MAMIKINS Andrejs
andres	tarand	TARAND Andres
andrew	duff	DUFF Andrew
andrew	lewer	LEWER Andrew
andrew henry william	brons	BRONS Andrew Henry William
andrey	kovatchev	KOVATCHEV Andrey
andrey	novakov	NOVAKOV Andrey
andrus	ansip	ANSIP Andrus
andrzej	chronowski	CHRONOWSKI Andrzej
andrzej	duda	DUDA Andrzej
andrzej	grzyb	GRZYB Andrzej
andrzej	wielowieyski	WIELOWIEYSKI Andrzej
andrzej jan	szejna	SZEJNA Andrzej Jan
andrzej józef	gałażewski	GAŁAŻEWSKI Andrzej Józef
andrzej karol	gawłowski	GAWŁOWSKI Andrzej Karol
andrzej lech	pęczak	PĘCZAK Andrzej Lech
andrzej tomasz	zapałowski	ZAPAŁOWSKI Andrzej Tomasz
andrzej zbigniew	lepper	LEPPER Andrzej Zbigniew
andrás	gyürk	GYÜRK András
andrás	kelemen	KELEMEN András
andré	brie	BRIE André
andré	fourçans	FOURÇANS André
andré	laignel	LAIGNEL André
andré	sainjon	SAINJON André
andré	soulier	SOULIER André
andrés	perelló rodríguez	PERELLÓ RODRÍGUEZ Andrés
angel	dzhambazki	DZHAMBAZKI Angel
angela	kokkola	KOKKOLA Angela
angela del carmen	sierra gonzález	SIERRA GONZÁLEZ Angela del Carmen
angela theodora	billingham	BILLINGHAM Angela Theodora
angelika	beer	BEER Angelika
angelika	mlinar	MLINAR Angelika
angelika	niebler	NIEBLER Angelika
angelika	werthmann	WERTHMANN Angelika
angélique	delahaye	DELAHAYE Angélique
anita jean	pollack	POLLACK Anita Jean
anja	hazekamp	HAZEKAMP Anja
anja	weisgerber	WEISGERBER Anja
anna	hedh	HEDH Anna
anna	ibrisagic	IBRISAGIC Anna
anna	karamanou	KARAMANOU Anna
anna	rosbach	ROSBACH Anna
anna	terrón i cusí	TERRÓN I CUSÍ Anna
anna	záborská	ZÁBORSKÁ Anna
anna elżbieta	fotyga	FOTYGA Anna Elżbieta
anna maria	corazza bildt	CORAZZA BILDT Anna Maria
anne	andré-léonard	ANDRÉ-LÉONARD Anne
anne	delvaux	DELVAUX Anne
anne	ferreira	FERREIRA Anne
anne	laperrouze	LAPERROUZE Anne
anne	sander	SANDER Anne
anne	van lancker	VAN LANCKER Anne
anne caroline b.	mcintosh	MCINTOSH Anne Caroline B.
anne christine	poisson	POISSON Anne Christine
anne e.	jensen	JENSEN Anne E.
anne-karin	glase	GLASE Anne-Karin
anne-marie	mineur	MINEUR Anne-Marie
anne-marie	schaffner	SCHAFFNER Anne-Marie
anneleen	van bossuyt	VAN BOSSUYT Anneleen
anneli	hulthén	HULTHÉN Anneli
anneli	jäätteenmäki	JÄÄTTEENMÄKI Anneli
anneliese	dodds	DODDS Anneliese
annemarie	kuhn	KUHN Annemarie
annemie	neyts-uyttebroeck	NEYTS-UYTTEBROECK Annemie
annette	koewius	KOEWIUS Annette
anni	podimata	PODIMATA Anni
annie	schreijer-pierik	SCHREIJER-PIERIK Annie
antanas	guoga	GUOGA Antanas
antanas	valys	VALYS Antanas
anthea	mcintyre	MCINTYRE Anthea
anthony joseph (joe)	wilson	WILSON Anthony Joseph (Joe)
antigoni	papadopoulou	PAPADOPOULOU Antigoni
antoine	duquesne	DUQUESNE Antoine
antoine-françois	bernardini	BERNARDINI Antoine-François
antoinette	fouque	FOUQUE Antoinette
antoinette	spaak	SPAAK Antoinette
antolín	sánchez presedo	SÁNCHEZ PRESEDO Antolín
antonello	antinoro	ANTINORO Antonello
antoni	gutiérrez díaz	GUTIÉRREZ DÍAZ Antoni
antoni	macierewicz	MACIEREWICZ Antoni
antonio	cancian	CANCIAN Antonio
antonio	de blasio	DE BLASIO Antonio
antonio	de poli	DE POLI Antonio
antonio	di pietro	DI PIETRO Antonio
antonio	fenech	FENECH Antonio
antonio	gonzález triviño	GONZÁLEZ TRIVIÑO Antonio
antonio	graziani	GRAZIANI Antonio
antonio	lópez-istúriz white	LÓPEZ-ISTÚRIZ WHITE Antonio
antonio	masip hidalgo	MASIP HIDALGO Antonio
antonio	mussa	MUSSA Antonio
antonio	tajani	TAJANI Antonio
antonio michele	trizza	TRIZZA Antonio Michele
antonios	trakatellis	TRAKATELLIS Antonios
antonis	samaras	SAMARAS Antonis
antonyia	parvanova	PARVANOVA Antonyia
antónio	campos	CAMPOS António
antónio	capucho	CAPUCHO António
antónio	costa	COSTA António
antónio fernando	correia de campos	CORREIA DE CAMPOS António Fernando
antónio josé	seguro	SEGURO António José
ari	vatanen	VATANEN Ari
arie m.	oostlander	OOSTLANDER Arie M.
arkadiusz tomasz	bratkowski	BRATKOWSKI Arkadiusz Tomasz
arlene	mccarthy	MCCARTHY Arlene
arlette	laguiller	LAGUILLER Arlette
arlindo	cunha	CUNHA Arlindo
armando	cossutta	COSSUTTA Armando
armando	dionisi	DIONISI Armando
armando	frança	FRANÇA Armando
armando	veneto	VENETO Armando
armelle	guinebertière	GUINEBERTIÈRE Armelle
armin	laschet	LASCHET Armin
arminas	lydeka	LYDEKA Arminas
armonia	bordes	BORDES Armonia
arnaud	danjean	DANJEAN Arnaud
arne	gericke	GERICKE Arne
arne	lietz	LIETZ Arne
arthur stanley	newens	NEWENS Arthur Stanley
artis	pabriks	PABRIKS Artis
artur	plokšto	PLOKŠTO Artur
artur	zasada	ZASADA Artur
arūnas	degutis	DEGUTIS Arūnas
ashley	fox	FOX Ashley
ashley	mote	MOTE Ashley
astrid	lulling	LULLING Astrid
astrid	thors	THORS Astrid
atanas	paparizov	PAPARIZOV Atanas
athanasios	pafilis	PAFILIS Athanasios
athanasios	plevris	PLEVRIS Athanasios
atilla béla ladislau	kelemen	KELEMEN Atilla Béla Ladislau
attila lászló	gruber	GRUBER Attila László
auke	zijlstra	ZIJLSTRA Auke
aurelio	juri	JURI Aurelio
avril	doyle	DOYLE Avril
axel	schäfer	SCHÄFER Axel
axel	voss	VOSS Axel
aymeric	chauprade	CHAUPRADE Aymeric
bairbre	de brún	DE BRÚN Bairbre
balázs	hidvéghi	HIDVÉGHI Balázs
barbara	kappel	KAPPEL Barbara
barbara	kudrycka	KUDRYCKA Barbara
barbara	lochbihler	LOCHBIHLER Barbara
barbara	matera	MATERA Barbara
o'toole barbara		 O'TOOLE Barbara
barbara	schmidbauer	SCHMIDBAUER Barbara
barbara	spinelli	SPINELLI Barbara
barbara	weiler	WEILER Barbara
baroness	nicholson of winterbourne	NICHOLSON OF WINTERBOURNE Baroness
barry	madlener	MADLENER Barry
barry h.	seal	SEAL Barry H.
bart	staes	STAES Bart
bartho	pronk	PRONK Bartho
bas	belder	BELDER Bas
bas	eickhout	EICKHOUT Bas
bashir	khanbhai	KHANBHAI Bashir
beata	gosiewska	GOSIEWSKA Beata
beatrix	von storch	VON STORCH Beatrix
beatriz	becerra basterrechea	BECERRA BASTERRECHEA Beatriz
ben	fayot	FAYOT Ben
bendt	bendtsen	BENDTSEN Bendt
benedek	jávor	JÁVOR Benedek
benedetto	della vedova	DELLA VEDOVA Benedetto
beniamino	donnici	DONNICI Beniamino
benoît	hamon	HAMON Benoît
bent hindrup	andersen	ANDERSEN Bent Hindrup
bernadette	bourzai	BOURZAI Bernadette
bernadette	vergnaud	VERGNAUD Bernadette
bernard	antony	ANTONY Bernard
bernard	castagnède	CASTAGNÈDE Bernard
bernard	drzęźla	DRZĘŹLA Bernard
bernard	kouchner	KOUCHNER Bernard
bernard	lehideux	LEHIDEUX Bernard
bernard	monot	MONOT Bernard
bernard	poignant	POIGNANT Bernard
bernard	soulage	SOULAGE Bernard
bernard	stasi	STASI Bernard
bernard	wojciechowski	WOJCIECHOWSKI Bernard
bernard r.	tapie	TAPIE Bernard R.
bernat	joan i marí	JOAN I MARÍ Bernat
bernd	kölmel	KÖLMEL Bernd
bernd	lange	LANGE Bernd
bernd	lucke	LUCKE Bernd
bernd	posselt	POSSELT Bernd
bernhard	rapkay	RAPKAY Bernhard
bernie	malone	MALONE Bernie
bert	doorn	DOORN Bert
bertel	haarder	HAARDER Bertel
biagio	de giovanni	DE GIOVANNI Biagio
biljana	borzan	BORZAN Biljana
bill	etheridge	ETHERIDGE Bill
bill	miller	MILLER Bill
bill	newton dunn	NEWTON DUNN Bill
bilyana ilieva	raeva	RAEVA Bilyana Ilieva
birgit	collin-langen	COLLIN-LANGEN Birgit
birgit	schnieber-jastram	SCHNIEBER-JASTRAM Birgit
birgit	sippel	SIPPEL Birgit
birgitta	ahlqvist	AHLQVIST Birgitta
birutė	vėsaitė	VĖSAITĖ Birutė
blaise	aldo	ALDO Blaise
bob	van den bos	VAN DEN BOS Bob
bodil	ceballos	CEBALLOS Bodil
bogdan	golik	GOLIK Bogdan
bogdan	klich	KLICH Bogdan
bogdan	pęk	PĘK Bogdan
bogdan andrzej	zdrojewski	ZDROJEWSKI Bogdan Andrzej
bogdan brunon	wenta	WENTA Bogdan Brunon
bogdan kazimierz	marcinkiewicz	MARCINKIEWICZ Bogdan Kazimierz
bogdan leszek	podgórski	PODGÓRSKI Bogdan Leszek
bogusław	liberadzki	LIBERADZKI Bogusław
bogusław	litwiniec	LITWINIEC Bogusław
bogusław	rogalski	ROGALSKI Bogusław
bogusław	sonik	SONIK Bogusław
bolesław g.	piecha	PIECHA Bolesław G.
boris	zala	ZALA Boris
boriss	cilevičs	CILEVIČS Boriss
boro	grubišić	GRUBIŠIĆ Boro
borut	pahor	PAHOR Borut
brando	benifei	BENIFEI Brando
branislav	škripek	ŠKRIPEK Branislav
brendan patrick	donnelly	DONNELLY Brendan Patrick
brian	crowley	CROWLEY Brian
brian	hayes	HAYES Brian
brian	simpson	SIMPSON Brian
brice	hortefeux	HORTEFEUX Brice
brigitte	douay	DOUAY Brigitte
brigitte	fouré	FOURÉ Brigitte
brigitte	langenhagen	LANGENHAGEN Brigitte
brigitte	wenzel-perillo	WENZEL-PERILLO Brigitte
britta	reimers	REIMERS Britta
britta	thomsen	THOMSEN Britta
bronis	ropė	ROPĖ Bronis
bronisław	geremek	GEREMEK Bronisław
bronisława	kowalska	KOWALSKA Bronisława
bruno	gollnisch	GOLLNISCH Bruno
bruno	trentin	TRENTIN Bruno
bruno a.a.	mégret	MÉGRET Bruno A.A.
bryan m.d.	cassidy	CASSIDY Bryan M.D.
burkhard	balz	BALZ Burkhard
bárbara	dührkop dührkop	DÜHRKOP DÜHRKOP Bárbara
béatrice	patrie	PATRIE Béatrice
béla	glattfelder	GLATTFELDER Béla
béla	kovács	KOVÁCS Béla
camiel	eurlings	EURLINGS Camiel
camilo	nogueira román	NOGUEIRA ROMÁN Camilo
carl	haglund	HAGLUND Carl
carl	lang	LANG Carl
carl	schlyter	SCHLYTER Carl
carles-alfred	gasòliba i böhm	GASÒLIBA I BÖHM Carles-Alfred
carlo	casini	CASINI Carlo
carlo	fatuzzo	FATUZZO Carlo
carlo	fidanza	FIDANZA Carlo
carlo	ripa di meana	RIPA DI MEANA Carlo
carlo	secchi	SECCHI Carlo
carlos	bautista ojeda	BAUTISTA OJEDA Carlos
carlos	candal	CANDAL Carlos
carlos	carnero gonzález	CARNERO GONZÁLEZ Carlos
carlos	coelho	COELHO Carlos
carlos	costa neves	COSTA NEVES Carlos
carlos	iturgaiz	ITURGAIZ Carlos
carlos	jiménez villarejo	JIMÉNEZ VILLAREJO Carlos
carlos	lage	LAGE Carlos
carlos	pimenta	PIMENTA Carlos
carlos	ripoll y martínez de bedoya	RIPOLL Y MARTÍNEZ DE BEDOYA Carlos
carlos	robles piquer	ROBLES PIQUER Carlos
carlos	westendorp y cabeza	WESTENDORP Y CABEZA Carlos
carlos	zorrinho	ZORRINHO Carlos
carlos maría	bru purón	BRU PURÓN Carlos María
carmen	cerdeira morterero	CERDEIRA MORTERERO Carmen
carmen	díez de rivera icaza	DÍEZ DE RIVERA ICAZA Carmen
carmen	fraga estévez	FRAGA ESTÉVEZ Carmen
carmen	romero lópez	ROMERO LÓPEZ Carmen
carole	tongue	TONGUE Carole
caroline	jackson	JACKSON Caroline
caroline	lucas	LUCAS Caroline
caterina	chinnici	CHINNICI Caterina
catherine	bearder	BEARDER Catherine
catherine	boursier	BOURSIER Catherine
catherine	grèze	GRÈZE Catherine
catherine	guy-quint	GUY-QUINT Catherine
catherine	lalumière	LALUMIÈRE Catherine
catherine	neris	NERIS Catherine
catherine	soullie	SOULLIE Catherine
catherine	stihler	STIHLER Catherine
catherine	trautmann	TRAUTMANN Catherine
catiuscia	marini	MARINI Catiuscia
cecilia	malmström	MALMSTRÖM Cecilia
cecilia	wikström	WIKSTRÖM Cecilia
cees	bremmer	BREMMER Cees
cem	özdemir	ÖZDEMIR Cem
chantal	cauquil	CAUQUIL Chantal
chantal	simonot	SIMONOT Chantal
charalampos	angourakis	ANGOURAKIS Charalampos
charles	de gaulle	DE GAULLE Charles
charles	goerens	GOERENS Charles
charles	pasqua	PASQUA Charles
charles	tannock	TANNOCK Charles
charlotte	cederschiöld	CEDERSCHIÖLD Charlotte
chris	davies	DAVIES Chris
christa	klass	KLASS Christa
christa	prets	PRETS Christa
christa	randzio-plath	RANDZIO-PLATH Christa
christel	fiebiger	FIEBIGER Christel
christel	schaldemose	SCHALDEMOSE Christel
christian	ehler	EHLER Christian
christian	engström	ENGSTRÖM Christian
christian	jacob	JACOB Christian
christian	rovsing	ROVSING Christian
christian e.a.	cabrol	CABROL Christian E.A.
christian ulrik	von boetticher	VON BOETTICHER Christian Ulrik
christiane	taubira-delannon	TAUBIRA-DELANNON Christiane
christina	christova	CHRISTOVA Christina
christine	de veyrac	DE VEYRAC Christine
christine	mustin-mayer	MUSTIN-MAYER Christine
d'allonnes bonnefoy christine	revault	REVAULT D'ALLONNES BONNEFOY Christine
christine m.	crawley	CRAWLEY Christine M.
christine margaret	oddy	ODDY Christine Margaret
christodoulos	taramountas	TARAMOUNTAS Christodoulos
christof	tannert	TANNERT Christof
christofer	fjellner	FJELLNER Christofer
christoph	konrad	KONRAD Christoph
christophe	béchu	BÉCHU Christophe
christopher	beazley	BEAZLEY Christopher
christopher	heaton-harris	HEATON-HARRIS Christopher
christopher	huhne	HUHNE Christopher
christos	folias	FOLIAS Christos
christos	stylianides	STYLIANIDES Christos
christos	zacharakis	ZACHARAKIS Christos
chrysoula	paliadeli	PALIADELI Chrysoula
claire	gibault	GIBAULT Claire
clara eugenia	aguilera garcía	AGUILERA GARCÍA Clara Eugenia
clare	moody	MOODY Clare
claude	moraes	MORAES Claude
claude	rolin	ROLIN Claude
claude	turmes	TURMES Claude
claude a.f.	delcroix	DELCROIX Claude A.F.
claude j.-m.j.	desama	DESAMA Claude J.-M.J.
claudette	abela baldacchino	ABELA BALDACCHINO Claudette
claudia	roth	ROTH Claudia
claudia	schmidt	SCHMIDT Claudia
claudia	tapardel	TAPARDEL Claudia
claudio	azzolini	AZZOLINI Claudio
claudio	fava	FAVA Claudio
claudio	martelli	MARTELLI Claudio
claudio	morganti	MORGANTI Claudio
claudiu ciprian	tănăsescu	TĂNĂSESCU Claudiu Ciprian
claus	larsen-jensen	LARSEN-JENSEN Claus
clemente	mastella	MASTELLA Clemente
clive john	needle	NEEDLE Clive John
cláudia	monteiro de aguiar	MONTEIRO DE AGUIAR Cláudia
colette	flesch	FLESCH Colette
colm	burke	BURKE Colm
concepció	ferrer	FERRER Concepció
constance	le grip	LE GRIP Constance
constantin	dumitriu	DUMITRIU Constantin
constanze	krehl	KREHL Constanze
cora	van nieuwenhuizen	VAN NIEUWENHUIZEN Cora
corien	wortmann-kool	WORTMANN-KOOL Corien
corina	crețu	CREȚU Corina
corinne	lepage	LEPAGE Corinne
cornelia	ernst	ERNST Cornelia
cornelis	de jong	DE JONG Cornelis
cornelis	visser	VISSER Cornelis
corneliu	vadim tudor	VADIM TUDOR Corneliu
corrado	augias	AUGIAS Corrado
corrado	gabriele	GABRIELE Corrado
costas	botopoulos	BOTOPOULOS Costas
costas	mavrides	MAVRIDES Costas
crescenzio	rivellini	RIVELLINI Crescenzio
cristian	dumitrescu	DUMITRESCU Cristian
cristian	stănescu	STĂNESCU Cristian
cristian dan	preda	PREDA Cristian Dan
cristian-silviu	bușoi	BUȘOI Cristian-Silviu
cristiana	muscardini	MUSCARDINI Cristiana
cristina	garcía-orcoyen tormo	GARCÍA-ORCOYEN TORMO Cristina
cristina	gutiérrez-cortines	GUTIÉRREZ-CORTINES Cristina
cristina	soriano gil	SORIANO GIL Cristina
cristobal	montoro romero	MONTORO ROMERO Cristobal
csaba	molnár	MOLNÁR Csaba
csaba	sógor	SÓGOR Csaba
csaba	őry	ŐRY Csaba
csaba sándor	tabajdi	TABAJDI Csaba Sándor
csanád	szegedi	SZEGEDI Csanád
curzio	maltese	MALTESE Curzio
czesław adam	siekierski	SIEKIERSKI Czesław Adam
călin cătălin	chiriță	CHIRIȚĂ Călin Cătălin
cătălin sorin	ivan	IVAN Cătălin Sorin
cătălin-ioan	nechifor	NECHIFOR Cătălin-Ioan
daciana octavia	sârbu	SÂRBU Daciana Octavia
dagmar	roth-behrendt	ROTH-BEHRENDT Dagmar
damian	drăghici	DRĂGHICI Damian
damiano	zoffoli	ZOFFOLI Damiano
damien	abad	ABAD Damien
dan	jørgensen	JØRGENSEN Dan
dan	mihalache	MIHALACHE Dan
dan	nica	NICA Dan
dan dumitru	zamfirescu	ZAMFIRESCU Dan Dumitru
dana rosemary	scallon	SCALLON Dana Rosemary
daniel	bautista	BAUTISTA Daniel
daniel	buda	BUDA Daniel
daniel	caspary	CASPARY Daniel
daniel	cohn-bendit	COHN-BENDIT Daniel
daniel	dalton	DALTON Daniel
daniel	ducarme	DUCARME Daniel
daniel	dăianu	DĂIANU Daniel
daniel	féret	FÉRET Daniel
daniel	hannan	HANNAN Daniel
daniel	kroupa	KROUPA Daniel
daniel	strož	STROŽ Daniel
daniel	varela suanzes-carpegna	VARELA SUANZES-CARPEGNA Daniel
daniel petru	funeriu	FUNERIU Daniel Petru
daniela	aiuto	AIUTO Daniela
daniela	buruiană-aprodu	BURUIANĂ-APRODU Daniela
daniela	raschhofer	RASCHHOFER Daniela
daniele	viotti	VIOTTI Daniele
danielle	auroi	AUROI Danielle
danielle	darras	DARRAS Danielle
danilo	poggiolini	POGGIOLINI Danilo
daniël	van der stoep	VAN DER STOEP Daniël
danuta	ciborowska	CIBOROWSKA Danuta
danuta	jazłowiecka	JAZŁOWIECKA Danuta
danuta maria	hübner	HÜBNER Danuta Maria
danutė	budreikaitė	BUDREIKAITĖ Danutė
dario	tamburrano	TAMBURRANO Dario
dariusz	rosati	ROSATI Dariusz
dariusz maciej	grabowski	GRABOWSKI Dariusz Maciej
david	borrelli	BORRELLI David
david	campbell bannerman	CAMPBELL BANNERMAN David
david	casa	CASA David
david	coburn	COBURN David
david	hammerstein	HAMMERSTEIN David
david	martin	MARTIN David
david	mcallister	MCALLISTER David
david	sumberg	SUMBERG David
david edward	thomas	THOMAS David Edward
david john alfred	hallam	HALLAM David John Alfred
david r.	morris	MORRIS David R.
david robert	bowe	BOWE David Robert
david-maria	sassoli	SASSOLI David-Maria
davor	božinović	BOŽINOVIĆ Davor
davor	škrlec	ŠKRLEC Davor
davor ivo	stier	STIER Davor Ivo
dawid bohdan	jackiewicz	JACKIEWICZ Dawid Bohdan
debora	serracchiani	SERRACCHIANI Debora
deirdre	clune	CLUNE Deirdre
demetrio	volcic	VOLCIC Demetrio
demetris	papadakis	PAPADAKIS Demetris
den	dover	DOVER Den
derek	vaughan	VAUGHAN Derek
derek roland	clark	CLARK Derek Roland
derk jan	eppink	EPPINK Derk Jan
desislav	chukolov	CHUKOLOV Desislav
detlev	samland	SAMLAND Detlev
diamanto	manolakou	MANOLAKOU Diamanto
diana	wallis	WALLIS Diana
diane	dodds	DODDS Diane
diane	james	JAMES Diane
didier	rod	ROD Didier
diemut r.	theato	THEATO Diemut R.
dieter-lebrecht	koch	KOCH Dieter-Lebrecht
dietmar	köster	KÖSTER Dietmar
dietrich	elchlepp	ELCHLEPP Dietrich
dimitar	abadjiev	ABADJIEV Dimitar
dimitar	stoyanov	STOYANOV Dimitar
dimitrios	droutsas	DROUTSAS Dimitrios
dimitrios	koulourianos	KOULOURIANOS Dimitrios
dimitrios	papadimoulis	PAPADIMOULIS Dimitrios
dimitrios	syllouris	SYLLOURIS Dimitrios
dimitris	tsatsos	TSATSOS Dimitris
diogo	feio	FEIO Diogo
dirk	sterckx	STERCKX Dirk
dita	charanzová	CHARANZOVÁ Dita
doeke	eisma	EISMA Doeke
dolores	garcía-hierro caraballo	GARCÍA-HIERRO CARABALLO Dolores
domenico	mennitti	MENNITTI Domenico
domenico antonio	basile	BASILE Domenico Antonio
dominique	baudis	BAUDIS Dominique
dominique	bilde	BILDE Dominique
dominique	martin	MARTIN Dominique
dominique	riquet	RIQUET Dominique
dominique	saint-pierre	SAINT-PIERRE Dominique
dominique	vlasto	VLASTO Dominique
dominique f.c.	souchet	SOUCHET Dominique F.C.
donata	gottardi	GOTTARDI Donata
donato tommaso	veraldi	VERALDI Donato Tommaso
dorette	corbey	CORBEY Dorette
doris	pack	PACK Doris
doros	christodoulidis	CHRISTODOULIDIS Doros
doru-claudian	frunzulică	FRUNZULICĂ Doru-Claudian
dragoș florin	david	DAVID Dragoș Florin
duarte	freitas	FREITAS Duarte
dubravka	šuica	ŠUICA Dubravka
dumitru	becșenescu	BECȘENESCU Dumitru
dumitru	oprea	OPREA Dumitru
dumitru gheorghe mircea	coșea	COȘEA Dumitru Gheorghe Mircea
dushana	zdravkova	ZDRAVKOVA Dushana
josé	ribeiro e castro	RIBEIRO E CASTRO José
antónio	marinho e pinto	MARINHO E PINTO António
edgar josef	schiedermeier	SCHIEDERMEIER Edgar Josef
edit	bauer	BAUER Edit
edit	herczog	HERCZOG Edit
edite	estrela	ESTRELA Edite
edith	mastenbroek	MASTENBROEK Edith
edith	müller	MÜLLER Edith
edmund kazimierz	wittbrodt	WITTBRODT Edmund Kazimierz
edouard	ferrand	FERRAND Edouard
edouard	martin	MARTIN Edouard
edouard c.m.p.	des places	DES PLACES Edouard C.M.P.
eduard	kukan	KUKAN Eduard
eduard-raul	hellvig	HELLVIG Eduard-Raul
edvard	kožušník	KOŽUŠNÍK Edvard
edward	mcmillan-scott	MCMILLAN-SCOTT Edward
edward	newman	NEWMAN Edward
edward	scicluna	SCICLUNA Edward
edward t.	kellett-bowman	KELLETT-BOWMAN Edward T.
efstratios	korakas	KORAKAS Efstratios
efthymios	christodoulou	CHRISTODOULOU Efthymios
egidijus	vareikis	VAREIKIS Egidijus
eider	gardiazabal rubial	GARDIAZABAL RUBIAL Eider
eija-riitta	korhola	KORHOLA Eija-Riitta
eiki	berg	BERG Eiki
eleftherios	synadinos	SYNADINOS Eleftherios
elena	băsescu	BĂSESCU Elena
elena	gentile	GENTILE Elena
elena	marinucci	MARINUCCI Elena
elena	valenciano	VALENCIANO Elena
elena oana	antonescu	ANTONESCU Elena Oana
elena ornella	paciotti	PACIOTTI Elena Ornella
eleni	mavrou	MAVROU Eleni
eleni	theocharous	THEOCHAROUS Eleni
eleonora	evi	EVI Eleonora
eleonora	forenza	FORENZA Eleonora
eleonora	lo curto	LO CURTO Eleonora
elie	hoarau	HOARAU Elie
elisa	ferreira	FERREIRA Elisa
elisa maria	damião	DAMIÃO Elisa Maria
elisabeth	guigou	GUIGOU Elisabeth
elisabeth	hlavac	HLAVAC Elisabeth
elisabeth	jeggle	JEGGLE Elisabeth
elisabeth	köstinger	KÖSTINGER Elisabeth
elisabeth	morin-chartier	MORIN-CHARTIER Elisabeth
elisabeth	rehn	REHN Elisabeth
elisabeth	schroedter	SCHROEDTER Elisabeth
elisabetta	gardini	GARDINI Elisabetta
elissavet	vozemberg	VOZEMBERG Elissavet
elizabeth	lynne	LYNNE Elizabeth
elizabeth	montfort	MONTFORT Elizabeth
elly	de groen-kouwenhoven	DE GROEN-KOUWENHOVEN Elly
elly	plooij-van gorsel	PLOOIJ-VAN GORSEL Elly
elly	schlein	SCHLEIN Elly
elmar	brok	BROK Elmar
elspeth	attwooll	ATTWOOLL Elspeth
eluned	morgan	MORGAN Eluned
elżbieta katarzyna	łukacijewska	ŁUKACIJEWSKA Elżbieta Katarzyna
emanuel jardim	fernandes	FERNANDES Emanuel Jardim
emer	costello	COSTELLO Emer
emil	radev	RADEV Emil
emil	stoyanov	STOYANOV Emil
emilia franziska	müller	MÜLLER Emilia Franziska
emilian	pavel	PAVEL Emilian
emilie	turunen	TURUNEN Emilie
emilio	menéndez del valle	MENÉNDEZ DEL VALLE Emilio
emine	bozkurt	BOZKURT Emine
emma	bonino	BONINO Emma
emma	mcclarkin	MCCLARKIN Emma
emmanouil	angelakas	ANGELAKAS Emmanouil
emmanouil	bakopoulos	BAKOPOULOS Emmanouil
emmanouil	glezos	GLEZOS Emmanouil
emmanouil	mastorakis	MASTORAKIS Emmanouil
emmanuel	maurel	MAUREL Emmanuel
encarnación	redondo jiménez	REDONDO JIMÉNEZ Encarnación
enikő	győri	GYŐRI Enikő
enric	morera català	MORERA CATALÀ Enric
enrico	boselli	BOSELLI Enrico
enrico	ferri	FERRI Enrico
enrico	gasbarra	GASBARRA Enrico
enrico	letta	LETTA Enrico
enrico	montesano	MONTESANO Enrico
enrique	barón crespo	BARÓN CRESPO Enrique
enrique	calvet chambon	CALVET CHAMBON Enrique
enrique	guerrero salom	GUERRERO SALOM Enrique
enrique	monsonís domingo	MONSONÍS DOMINGO Enrique
eoin	ryan	RYAN Eoin
eolo	parodi	PARODI Eolo
erhard	meier	MEIER Erhard
eric	andrieu	ANDRIEU Eric
eric	pinel	PINEL Eric
erich	farthofer	FARTHOFER Erich
erich	schreiner	SCHREINER Erich
erik	bánki	BÁNKI Erik
erik	meijer	MEIJER Erik
erika	mann	MANN Erika
erminia	mazzoni	MAZZONI Erminia
erminio enzo	boso	BOSO Erminio Enzo
erna	hennicot-schoepges	HENNICOT-SCHOEPGES Erna
ernest	maragall	MARAGALL Ernest
ernest	urtasun	URTASUN Ernest
ernesto	caccavale	CACCAVALE Ernesto
ernst	strasser	STRASSER Ernst
eryl margaret	mcnally	MCNALLY Eryl Margaret
esko	seppänen	SEPPÄNEN Esko
esteban	gonzález pons	GONZÁLEZ PONS Esteban
estefanía	torres martínez	TORRES MARTÍNEZ Estefanía
estelle	grelier	GRELIER Estelle
esther	de lange	DE LANGE Esther
esther	herranz garcía	HERRANZ GARCÍA Esther
etelka	barsi-pataky	BARSI-PATAKY Etelka
eugen	freund	FREUND Eugen
eugen	mihăescu	MIHĂESCU Eugen
eugenijus	gentvilas	GENTVILAS Eugenijus
eugenijus	maldeikis	MALDEIKIS Eugenijus
eugeniusz	kłopotek	KŁOPOTEK Eugeniusz
eurico	de melo	DE MELO Eurico
eurig	wyn	WYN Eurig
eva	joly	JOLY Eva
eva	kaili	KAILI Eva
eva	kjer hansen	KJER HANSEN Eva
eva	lichtenberger	LICHTENBERGER Eva
eva	ortiz vilella	ORTIZ VILELLA Eva
eva	paunova	PAUNOVA Eva
eva-britt	svensson	SVENSSON Eva-Britt
eva-riitta	siitonen	SIITONEN Eva-Riitta
evangelia	tzampazi	TZAMPAZI Evangelia
evelyn	regner	REGNER Evelyn
evelyne	gebhardt	GEBHARDT Evelyne
evgeni	kirilov	KIRILOV Evgeni
evžen	tošenovský	TOŠENOVSKÝ Evžen
ewa	hedkvist petersen	HEDKVIST PETERSEN Ewa
ewa	klamt	KLAMT Ewa
ewa	tomaszewska	TOMASZEWSKA Ewa
ewald	stadler	STADLER Ewald
fabienne	keller	KELLER Fabienne
fabio	ciani	CIANI Fabio
fabio	de masi	DE MASI Fabio
fabio massimo	castaldo	CASTALDO Fabio Massimo
fabrizio	bertot	BERTOT Fabrizio
fausto	bertinotti	BERTINOTTI Fausto
fausto	correia	CORREIA Fausto
feleknas	uca	UCA Feleknas
felipe	camisón asensio	CAMISÓN ASENSIO Felipe
fernand	le rachinel	LE RACHINEL Fernand
fernand h.j.	herman	HERMAN Fernand H.J.
fernando	fernández martín	FERNÁNDEZ MARTÍN Fernando
fernando	maura barandiarán	MAURA BARANDIARÁN Fernando
fernando	moniz	MONIZ Fernando
fernando	morán lópez	MORÁN LÓPEZ Fernando
fernando	pérez royo	PÉREZ ROYO Fernando
fernando	reis	REIS Fernando
fernando	ruas	RUAS Fernando
filip	adwent	ADWENT Filip
filip	kaczmarek	KACZMAREK Filip
filiz	hyusmenova	HYUSMENOVA Filiz
fiona	hall	HALL Fiona
fiorella	ghilardotti	GHILARDOTTI Fiorella
fiorello	provera	PROVERA Fiorello
flavio	tosi	TOSI Flavio
flavio	zanonato	ZANONATO Flavio
flaviu călin	rus	RUS Flaviu Călin
florence	kuntz	KUNTZ Florence
florencio	luque aguilar	LUQUE AGUILAR Florencio
florian	philippot	PHILIPPOT Florian
florus a.	wijsenbeek	WIJSENBEEK Florus A.
fodé	sylla	SYLLA Fodé
franc	bogovič	BOGOVIČ Franc
franc	horvat	HORVAT Franc
francesc	gambús	GAMBÚS Francesc
francesca	balzani	BALZANI Francesca
francesca	barracciu	BARRACCIU Francesca
francesco	baldarelli	BALDARELLI Francesco
francesco	de angelis	DE ANGELIS Francesco
francesco	ferrari	FERRARI Francesco
francesco	fiori	FIORI Francesco
francesco	musotto	MUSOTTO Francesco
francesco	rutelli	RUTELLI Francesco
francesco enrico	speroni	SPERONI Francesco Enrico
francis	decourrière	DECOURRIÈRE Francis
francis	wurtz	WURTZ Francis
francisca	bennasar tous	BENNASAR TOUS Francisca
francisca	pleguezuelos aguilar	PLEGUEZUELOS AGUILAR Francisca
francisca	sauquillo pérez del arco	SAUQUILLO PÉREZ DEL ARCO Francisca
francisco	assis	ASSIS Francisco
francisco	sosa wagner	SOSA WAGNER Francisco
francisco antónio	lucas pires	LUCAS PIRES Francisco António
francisco javier	sanz fernández	SANZ FERNÁNDEZ Francisco Javier
francisco josé	millán mon	MILLÁN MON Francisco José
franck	proust	PROUST Franck
franco	bonanini	BONANINI Franco
franco	frigo	FRIGO Franco
franco	marini	MARINI Franco
franco e.	malerba	MALERBA Franco E.
frank	engel	ENGEL Frank
frank	vanhecke	VANHECKE Frank
frano	matušić	MATUŠIĆ Frano
franz	linser	LINSER Franz
franz	obermayr	OBERMAYR Franz
franz	turchi	TURCHI Franz
franziska katharina	brantner	BRANTNER Franziska Katharina
françois	alfonsi	ALFONSI François
françois	bayrou	BAYROU François
françois	hollande	HOLLANDE François
françois	zimeray	ZIMERAY François
françoise	castex	CASTEX Françoise
françoise	de veyrinas	DE VEYRINAS Françoise
françoise	grossetête	GROSSETÊTE Françoise
françoise	seillier	SEILLIER Françoise
freddy	blak	BLAK Freddy
freddy	thielemans	THIELEMANS Freddy
frederik a.a.	willockx	WILLOCKX Frederik A.A.
fredrick	federley	FEDERLEY Fredrick
frieda	brepoels	BREPOELS Frieda
friedhelm	frischenschlager	FRISCHENSCHLAGER Friedhelm
friedrich	könig	KÖNIG Friedrich
friedrich	wolf	WOLF Friedrich
friedrich-wilhelm	graefe zu baringdorf	GRAEFE ZU BARINGDORF Friedrich-Wilhelm
frithjof	schmidt	SCHMIDT Frithjof
frits	castricum	CASTRICUM Frits
frode	kristoffersen	KRISTOFFERSEN Frode
frédéric	daerden	DAERDEN Frédéric
frédéric	striby	STRIBY Frédéric
frédérique	bredin	BREDIN Frédérique
frédérique	ries	RIES Frédérique
fulvio	martusciello	MARTUSCIELLO Fulvio
gabriel	mato	MATO Gabriel
gabriela	crețu	CREȚU Gabriela
gabriele	albertini	ALBERTINI Gabriele
gabriele	preuss	PREUSS Gabriele
gabriele	stauner	STAUNER Gabriele
gabriele	zimmer	ZIMMER Gabriele
gabrielius	landsbergis	LANDSBERGIS Gabrielius
gaetano	carrozzo	CARROZZO Gaetano
garrelt	duin	DUIN Garrelt
gary	titley	TITLEY Gary
gaston	franco	FRANCO Gaston
gastone	parigi	PARIGI Gastone
gay	mitchell	MITCHELL Gay
generoso	andria	ANDRIA Generoso
geneviève	fraisse	FRAISSE Geneviève
genowefa	grabowska	GRABOWSKA Genowefa
genowefa	wiśniowska	WIŚNIOWSKA Genowefa
geoffrey	van orden	VAN ORDEN Geoffrey
georg	jarzembowski	JARZEMBOWSKI Georg
georg	mayer	MAYER Georg
george	becali	BECALI George
george	lyon	LYON George
george	varnava	VARNAVA George
george sabin	cutaș	CUTAȘ George Sabin
george william	vella	VELLA George William
georges	bach	BACH Georges
georges	berthu	BERTHU Georges
d'ars georges	de brémond	DE BRÉMOND D'ARS Georges
georges	garot	GAROT Georges
georgi	bliznashki	BLIZNASHKI Georgi
georgi	pirinski	PIRINSKI Georgi
georgios	anastassopoulos	ANASTASSOPOULOS Georgios
georgios	epitideios	EPITIDEIOS Georgios
georgios	georgiou	GEORGIOU Georgios
georgios	gkikopoulos	GKIKOPOULOS Georgios
georgios	karatzaferis	KARATZAFERIS Georgios
georgios	katrougkalos	KATROUGKALOS Georgios
georgios	koumoutsakos	KOUMOUTSAKOS Georgios
georgios	kyrtsos	KYRTSOS Georgios
georgios	papanikolaou	PAPANIKOLAOU Georgios
georgios	papastamkos	PAPASTAMKOS Georgios
georgios	stavrakakis	STAVRAKAKIS Georgios
georgios	tasou	TASOU Georgios
georgios	toussas	TOUSSAS Georgios
georgs	andrejevs	ANDREJEVS Georgs
gerald	häfner	HÄFNER Gerald
gerard	batten	BATTEN Gerard
gerard	collins	COLLINS Gerard
gerardo	bianco	BIANCO Gerardo
gerardo	fernández-albor	FERNÁNDEZ-ALBOR Gerardo
gerardo	galeote	GALEOTE Gerardo
gerben-jan	gerbrandy	GERBRANDY Gerben-Jan
gerfrid	gaigg	GAIGG Gerfrid
gerhard	botz	BOTZ Gerhard
gerhard	hager	HAGER Gerhard
gerhard	schmid	SCHMID Gerhard
gerolf	annemans	ANNEMANS Gerolf
gesine	meissner	MEISSNER Gesine
gheorghe vergil	șerbu	ȘERBU Gheorghe Vergil
giacomo	leopardi	LEOPARDI Giacomo
giacomo	santini	SANTINI Giacomo
d'andrea giampaolo v.e.		 D'ANDREA Giampaolo V.E.
gian paolo	gobbo	GOBBO Gian Paolo
gian piero	boniperti	BONIPERTI Gian Piero
giancarlo	ligabue	LIGABUE Giancarlo
giancarlo	scottà	SCOTTÀ Giancarlo
l'alba gianfranco	del	DEL L'ALBA Gianfranco
gianfranco	fini	FINI Gianfranco
gianluca	buonanno	BUONANNO Gianluca
gianluca	susta	SUSTA Gianluca
gianni	de michelis	DE MICHELIS Gianni
gianni	pittella	PITTELLA Gianni
gianni	tamino	TAMINO Gianni
gianni	vattimo	VATTIMO Gianni
gijs m.	de vries	DE VRIES Gijs M.
giles	chichester	CHICHESTER Giles
gilles	lebreton	LEBRETON Gilles
gilles	pargneaux	PARGNEAUX Gilles
gilles	savary	SAVARY Gilles
gino	trematerra	TREMATERRA Gino
gintaras	didžiokas	DIDŽIOKAS Gintaras
giommaria	uggias	UGGIAS Giommaria
giorgio	calò	CALÒ Giorgio
giorgio	carollo	CAROLLO Giorgio
giorgio	celli	CELLI Giorgio
giorgio	la malfa	LA MALFA Giorgio
giorgio	lisi	LISI Giorgio
giorgio	napolitano	NAPOLITANO Giorgio
giorgio	ruffolo	RUFFOLO Giorgio
giorgos	dimitrakopoulos	DIMITRAKOPOULOS Giorgos
giorgos	grammatikakis	GRAMMATIKAKIS Giorgos
giorgos	katiforis	KATIFORIS Giorgos
giorgos	papakonstantinou	PAPAKONSTANTINOU Giorgos
giovanna	corda	CORDA Giovanna
giovanni	barbagallo	BARBAGALLO Giovanni
giovanni	berlinguer	BERLINGUER Giovanni
giovanni	collino	COLLINO Giovanni
giovanni	la via	LA VIA Giovanni
giovanni	procacci	PROCACCI Giovanni
giovanni	rivera	RIVERA Giovanni
giovanni	robusti	ROBUSTI Giovanni
giovanni	toti	TOTI Giovanni
giovanni m.s.	burtone	BURTONE Giovanni M.S.
gipo	farassino	FARASSINO Gipo
gisela	kallenbach	KALLENBACH Gisela
gisèle m.h.	moreau	MOREAU Gisèle M.H.
gitte	seeberg	SEEBERG Gitte
giulia	moi	MOI Giulia
giulietto	chiesa	CHIESA Giulietto
giulio	fantuzzi	FANTUZZI Giulio
giuseppe	bova	BOVA Giuseppe
giuseppe	brienza	BRIENZA Giuseppe
giuseppe	castiglione	CASTIGLIONE Giuseppe
giuseppe	di lello finuoli	DI LELLO FINUOLI Giuseppe
giuseppe	gargani	GARGANI Giuseppe
giuseppe	mottola	MOTTOLA Giuseppe
giuseppe	nisticò	NISTICÒ Giuseppe
giuseppe	pisicchio	PISICCHIO Giuseppe
giuseppe	rauti	RAUTI Giuseppe
giusto	catania	CATANIA Giusto
glenis	willmott	WILLMOTT Glenis
glenn	bedingfield	BEDINGFIELD Glenn
glenys	kinnock	KINNOCK Glenys
glyn	ford	FORD Glyn
godelieve	quisthoudt-rowohl	QUISTHOUDT-ROWOHL Godelieve
godfrey	bloom	BLOOM Godfrey
goffredo maria	bettini	BETTINI Goffredo Maria
gordon j.	adam	ADAM Gordon J.
gorka	knörr borràs	KNÖRR BORRÀS Gorka
graham	booth	BOOTH Graham
graham	mather	MATHER Graham
graham	watson	WATSON Graham
grażyna	staniszewska	STANISZEWSKA Grażyna
grażyna  jolanta	ciemniak	CIEMNIAK Grażyna  Jolanta
guido	bodrato	BODRATO Guido
guido	milana	MILANA Guido
guido	podestà	PODESTÀ Guido
guido	sacconi	SACCONI Guido
guido	viceconte	VICECONTE Guido
guillaume	balas	BALAS Guillaume
gunilla	carlsson	CARLSSON Gunilla
gunnar	hökmark	HÖKMARK Gunnar
guntars	krasts	KRASTS Guntars
guy	bono	BONO Guy
guy	verhofstadt	VERHOFSTADT Guy
gyula	hegyi	HEGYI Gyula
gyula	vári	VÁRI Gyula
györgy	hölvényi	HÖLVÉNYI György
györgy	schöpflin	SCHÖPFLIN György
gábor	demszky	DEMSZKY Gábor
gábor	harangozó	HARANGOZÓ Gábor
gérard	caudron	CAUDRON Gérard
d'aboville gérard		 D'ABOVILLE Gérard
gérard	deprez	DEPREZ Gérard
gérard	onesta	ONESTA Gérard
göran	färm	FÄRM Göran
günter	lüttge	LÜTTGE Günter
günter	rinsche	RINSCHE Günter
hadar	cars	CARS Hadar
hanja	maij-weggen	MAIJ-WEGGEN Hanja
hanna	foltyn-kubicka	FOLTYN-KUBICKA Hanna
hanne	dahl	DAHL Hanne
hannes	swoboda	SWOBODA Hannes
hannu	takkula	TAKKULA Hannu
hans	jansen	JANSEN Hans
hans	karlsson	KARLSSON Hans
hans	kronberger	KRONBERGER Hans
hans	lindqvist	LINDQVIST Hans
hans	modrow	MODROW Hans
hans-gert	pöttering	PÖTTERING Hans-Gert
hans-olaf	henkel	HENKEL Hans-Olaf
hans-peter	martin	MARTIN Hans-Peter
hans-peter	mayer	MAYER Hans-Peter
harald	ettl	ETTL Harald
harald	vilimsky	VILIMSKY Harald
harlem	désir	DÉSIR Harlem
hartmut	nassauer	NASSAUER Hartmut
hedwig	keppelhoff-wiechert	KEPPELHOFF-WIECHERT Hedwig
d'ancona hedy		 D'ANCONA Hedy
heide	rühle	RÜHLE Heide
heidi	hautala	HAUTALA Heidi
heinke	salisch	SALISCH Heinke
heinz	kindermann	KINDERMANN Heinz
heinz k.	becker	BECKER Heinz K.
helena	mallotová	MALLOTOVÁ Helena
helena	rögnerová	RÖGNEROVÁ Helena
helena	torres marques	TORRES MARQUES Helena
helena m.	vaz da silva	VAZ DA SILVA Helena M.
helga	stevens	STEVENS Helga
helga	trüpel	TRÜPEL Helga
hella	ranner	RANNER Hella
helle	thorning-schmidt	THORNING-SCHMIDT Helle
helmut	kuhne	KUHNE Helmut
helmut	scholz	SCHOLZ Helmut
helmuth	markov	MARKOV Helmuth
helwin	peter	PETER Helwin
henna	virkkunen	VIRKKUNEN Henna
henri	de lassus saint geniès	DE LASSUS SAINT GENIÈS Henri
henri	weber	WEBER Henri
henrik	lax	LAX Henrik
henrik dam	kristensen	KRISTENSEN Henrik Dam
herbert	bösch	BÖSCH Herbert
herbert	dorfmann	DORFMANN Herbert
herbert	reul	REUL Herbert
herman	schmid	SCHMID Herman
herman	vermeer	VERMEER Herman
hermann	winkler	WINKLER Hermann
hervé	fabre-aubrespy	FABRE-AUBRESPY Hervé
hervé	novelli	NOVELLI Hervé
hilde	hawlicek	HAWLICEK Hilde
hilde	vautmans	VAUTMANS Hilde
hiltrud	breyer	BREYER Hiltrud
holger	krahmer	KRAHMER Holger
honor	funk	FUNK Honor
honório	novo	NOVO Honório
horia-victor	toma	TOMA Horia-Victor
horst	posdorf	POSDORF Horst
horst	schnellhardt	SCHNELLHARDT Horst
hubert	pirker	PIRKER Hubert
hugh	kerr	KERR Hugh
hugh r.	mcmahon	MCMAHON Hugh R.
hugues	bayet	BAYET Hugues
hugues	martin	MARTIN Hugues
hynek	fajmon	FAJMON Hynek
d'encausse hélène	carrère	CARRÈRE D'ENCAUSSE Hélène
hélène	flautre	FLAUTRE Hélène
hélène	goudin	GOUDIN Hélène
ian	duncan	DUNCAN Ian
ian	hudghton	HUDGHTON Ian
ian	twinn	TWINN Ian
ian	white	WHITE Ian
ian r.k.	paisley	PAISLEY Ian R.K.
ieke	van den burg	VAN DEN BURG Ieke
iglika	ivanova	IVANOVA Iglika
ignasi	guardans cambó	GUARDANS CAMBÓ Ignasi
ignazio	corrao	CORRAO Ignazio
igor	šoltes	ŠOLTES Igor
ilda	figueiredo	FIGUEIREDO Ilda
ildikó	gáll-pelcz	GÁLL-PELCZ Ildikó
iles	braghetto	BRAGHETTO Iles
ilhan	kyuchyuk	KYUCHYUK Ilhan
iliana	iotova	IOTOVA Iliana
iliana	ivanova	IVANOVA Iliana
ilka	schröder	SCHRÖDER Ilka
ilkka	suominen	SUOMINEN Ilkka
ilona	graenitz	GRAENITZ Ilona
imelda mary	read	READ Imelda Mary
imre	czinege	CZINEGE Imre
imrich	béreš	BÉREŠ Imrich
indrek	tarand	TARAND Indrek
inese	vaidere	VAIDERE Inese
inese	šlesere	ŠLESERE Inese
ingeborg	grässle	GRÄSSLE Ingeborg
inger	schörling	SCHÖRLING Inger
inger	segelström	SEGELSTRÖM Inger
ingo	friedrich	FRIEDRICH Ingo
ingo	schmitt	SCHMITT Ingo
ingrid	antičević marinović	ANTIČEVIĆ MARINOVIĆ Ingrid
inmaculada	rodríguez-piñero fernández	RODRÍGUEZ-PIÑERO FERNÁNDEZ Inmaculada
inna	ilivitzky	ILIVITZKY Inna
innocenzo	leontini	LEONTINI Innocenzo
inés	ayala sender	AYALA SENDER Inés
inês cristina	zuber	ZUBER Inês Cristina
ioan	enciu	ENCIU Ioan
ioan lucian	hămbășan	HĂMBĂȘAN Ioan Lucian
ioan mircea	pașcu	PAȘCU Ioan Mircea
ioannis	averoff	AVEROFF Ioannis
ioannis	gklavakis	GKLAVAKIS Ioannis
ioannis	kasoulides	KASOULIDES Ioannis
ioannis	koukiadis	KOUKIADIS Ioannis
ioannis	marinos	MARINOS Ioannis
ioannis	patakis	PATAKIS Ioannis
ioannis	souladakis	SOULADAKIS Ioannis
ioannis	theonas	THEONAS Ioannis
ioannis	varvitsiotis	VARVITSIOTIS Ioannis
ioannis a.	tsoukalas	TSOUKALAS Ioannis A.
iosif	matula	MATULA Iosif
iratxe	garcía pérez	GARCÍA PÉREZ Iratxe
irena	belohorská	BELOHORSKÁ Irena
irene	crepaz	CREPAZ Irene
irene barbara lilia	soltwedel-schäfer	SOLTWEDEL-SCHÄFER Irene Barbara Lilia
irini	lambraki	LAMBRAKI Irini
iris	hoffmann	HOFFMANN Iris
isabella	adinolfi	ADINOLFI Isabella
isabella	de monte	DE MONTE Isabella
isabella	lövin	LÖVIN Isabella
isabelle	caullery	CAULLERY Isabelle
isabelle	durant	DURANT Isabelle
isabelle	thomas	THOMAS Isabelle
isidoro	sánchez garcía	SÁNCHEZ GARCÍA Isidoro
iskra	mihaylova	MIHAYLOVA Iskra
ismail	ertug	ERTUG Ismail
istván	balsai	BALSAI István
istván	pálfi	PÁLFI István
istván	szent-iványi	SZENT-IVÁNYI István
istván	ujhelyi	UJHELYI István
iuliu	winkler	WINKLER Iuliu
iva	zanicchi	ZANICCHI Iva
ivailo	kalfin	KALFIN Ivailo
ivan	jakovčić	JAKOVČIĆ Ivan
ivan	štefanec	ŠTEFANEC Ivan
ivana	maletić	MALETIĆ Ivana
ivar	virgin	VIRGIN Ivar
ivari	padar	PADAR Ivari
ivars	godmanis	GODMANIS Ivars
iveta	grigule	GRIGULE Iveta
ivo	belet	BELET Ivo
ivo	strejček	STREJČEK Ivo
ivo	vajgl	VAJGL Ivo
izaskun	bilbao barandica	BILBAO BARANDICA Izaskun
iñaki	irazabalbeitia fernández	IRAZABALBEITIA FERNÁNDEZ Iñaki
jaak h.-a.	vandemeulebroucke	VANDEMEULEBROUCKE Jaak H.-A.
jacek	protasiewicz	PROTASIEWICZ Jacek
jacek	saryusz-wolski	SARYUSZ-WOLSKI Jacek
jacek	włosowicz	WŁOSOWICZ Jacek
jacek olgierd	kurski	KURSKI Jacek Olgierd
jack	stewart-clark	STEWART-CLARK Jack
jack m.e.	lang	LANG Jack M.E.
jacky	hénin	HÉNIN Jacky
jacqueline	foster	FOSTER Jacqueline
jacqueline	rousseaux	ROUSSEAUX Jacqueline
jacques	donnay	DONNAY Jacques
jacques	santer	SANTER Jacques
jacques	santkin	SANTKIN Jacques
jacques	toubon	TOUBON Jacques
jacques f.	poos	POOS Jacques F.
jadwiga	wiśniewska	WIŚNIEWSKA Jadwiga
jaime	mayor oreja	MAYOR OREJA Jaime
jaime	valdivielso de cué	VALDIVIELSO DE CUÉ Jaime
jakob	von weizsäcker	VON WEIZSÄCKER Jakob
james	carver	CARVER James
james	elles	ELLES James
james	moorhouse	MOORHOUSE James
james	nicholson	NICHOLSON James
james (jim)	fitzsimons	FITZSIMONS James (Jim)
james l.c.	provan	PROVAN James L.C.
jamila	madeira	MADEIRA Jamila
jan	andersson	ANDERSSON Jan
jan	březina	BŘEZINA Jan
jan	cremers	CREMERS Jan
jan	dhaene	DHAENE Jan
jan	huitema	HUITEMA Jan
jan	keller	KELLER Jan
jan	kozłowski	KOZŁOWSKI Jan
jan	mulder	MULDER Jan
jan	olbrycht	OLBRYCHT Jan
jan	sonneveld	SONNEVELD Jan
jan	zahradil	ZAHRADIL Jan
jan jerzy	kułakowski	KUŁAKOWSKI Jan Jerzy
jan marinus	wiersma	WIERSMA Jan Marinus
jan philipp	albrecht	ALBRECHT Jan Philipp
jan tadeusz	masiel	MASIEL Jan Tadeusz
jan walenty	tomaka	TOMAKA Jan Walenty
jan willem	bertens	BERTENS Jan Willem
jan-kees	wiebenga	WIEBENGA Jan-Kees
jana	bobošíková	BOBOŠÍKOVÁ Jana
jana	hybášková	HYBÁŠKOVÁ Jana
jana	žitňanská	ŽITŇANSKÁ Jana
jane	collins	COLLINS Jane
janelly	fourtou	FOURTOU Janelly
janez	podobnik	PODOBNIK Janez
janice	atkinson	ATKINSON Janice
jannis	sakellariou	SAKELLARIOU Jannis
janno	reiljan	REILJAN Janno
janusz	korwin-mikke	KORWIN-MIKKE Janusz
janusz	lewandowski	LEWANDOWSKI Janusz
janusz	onyszkiewicz	ONYSZKIEWICZ Janusz
janusz	wojciechowski	WOJCIECHOWSKI Janusz
janusz	zemke	ZEMKE Janusz
janusz stanisław	lisak	LISAK Janusz Stanisław
jaromír	kohlíček	KOHLÍČEK Jaromír
jaromír	štětina	ŠTĚTINA Jaromír
jaroslav	lobkowicz	LOBKOWICZ Jaroslav
jaroslav	paška	PAŠKA Jaroslav
jaroslav	zvěřina	ZVĚŘINA Jaroslav
jarosław	kalinowski	KALINOWSKI Jarosław
jarosław	wałęsa	WAŁĘSA Jarosław
jas	gawronski	GAWRONSKI Jas
jason	azzopardi	AZZOPARDI Jason
javi	lópez	LÓPEZ Javi
javier	areitio toledo	AREITIO TOLEDO Javier
javier	couso permuy	COUSO PERMUY Javier
javier	moreno sánchez	MORENO SÁNCHEZ Javier
javier	nart	NART Javier
jean	arthuis	ARTHUIS Jean
jean	baggioni	BAGGIONI Jean
jean	lambert	LAMBERT Jean
jean	querbes	QUERBES Jean
jean	roatta	ROATTA Jean
jean	saint-josse	SAINT-JOSSE Jean
jean	spautz	SPAUTZ Jean
jean louis	cottigny	COTTIGNY Jean Louis
jean marie	beaupuy	BEAUPUY Jean Marie
jean-antoine	giansily	GIANSILY Jean-Antoine
jean-charles	marchiani	MARCHIANI Jean-Charles
jean-claude	fruteau	FRUTEAU Jean-Claude
jean-claude	marcourt	MARCOURT Jean-Claude
jean-claude	martinez	MARTINEZ Jean-Claude
jean-claude	pasty	PASTY Jean-Claude
jean-françois	hory	HORY Jean-François
jean-françois	jalkh	JALKH Jean-François
jean-jacob	bicep	BICEP Jean-Jacob
jean-louis	bernié	BERNIÉ Jean-Louis
jean-louis	bourlanges	BOURLANGES Jean-Louis
jean-luc	bennahmias	BENNAHMIAS Jean-Luc
jean-luc	dehaene	DEHAENE Jean-Luc
jean-luc	mélenchon	MÉLENCHON Jean-Luc
jean-luc	schaffhauser	SCHAFFHAUSER Jean-Luc
jean-marie	cavada	CAVADA Jean-Marie
jean-marie	le chevallier	LE CHEVALLIER Jean-Marie
jean-marie	le pen	LE PEN Jean-Marie
jean-maurice	dehousse	DEHOUSSE Jean-Maurice
jean-paul	besset	BESSET Jean-Paul
jean-paul	denanot	DENANOT Jean-Paul
jean-paul	gauzès	GAUZÈS Jean-Paul
jean-pierre	audy	AUDY Jean-Pierre
jean-pierre	bazin	BAZIN Jean-Pierre
jean-pierre	bebear	BEBEAR Jean-Pierre
jean-pierre	cot	COT Jean-Pierre
jean-thomas	nordmann	NORDMANN Jean-Thomas
jean-yves r.r.	le gallou	LE GALLOU Jean-Yves R.R.
jeanine	hennis-plasschaert	HENNIS-PLASSCHAERT Jeanine
jeffrey	titford	TITFORD Jeffrey
jelko	kacin	KACIN Jelko
jens	geier	GEIER Jens
jens	gieseke	GIESEKE Jens
jens	holm	HOLM Jens
jens	nilsson	NILSSON Jens
jens	rohde	ROHDE Jens
jens dyhr	okking	OKKING Jens Dyhr
jens-peter	bonde	BONDE Jens-Peter
jenő vilmos	manninger	MANNINGER Jenő Vilmos
jeppe	kofod	KOFOD Jeppe
jeroen	lenaers	LENAERS Jeroen
jerzy	buzek	BUZEK Jerzy
jerzy	jaskiernia	JASKIERNIA Jerzy
jerzy	pieniążek	PIENIĄŻEK Jerzy
jerzy jan	wenderlich	WENDERLICH Jerzy Jan
jerzy kazimierz	smorawiński	SMORAWIŃSKI Jerzy Kazimierz
jessica e.s.	larive	LARIVE Jessica E.S.
jesús	cabezón alonso	CABEZÓN ALONSO Jesús
jill	evans	EVANS Jill
jill	seymour	SEYMOUR Jill
jim	allister	ALLISTER Jim
jim	higgins	HIGGINS Jim
jimmy	goldsmith	GOLDSMITH Jimmy
jiří	havel	HAVEL Jiří
jiří	maštálka	MAŠTÁLKA Jiří
jiří	pospíšil	POSPÍŠIL Jiří
jo	leinen	LEINEN Jo
joachim	schuster	SCHUSTER Joachim
joachim	starbatty	STARBATTY Joachim
joachim	wuermeling	WUERMELING Joachim
joachim	zeller	ZELLER Joachim
joan	calabuig rull	CALABUIG RULL Joan
joan	colom i naval	COLOM I NAVAL Joan
joan	vallvé	VALLVÉ Joan
joanna	senyszyn	SENYSZYN Joanna
joanna katarzyna	skrzydlewska	SKRZYDLEWSKA Joanna Katarzyna
joaquim	cruz	CRUZ Joaquim
joaquim	miranda	MIRANDA Joaquim
joaquim	piscarreta	PISCARRETA Joaquim
joaquim	vairinhos	VAIRINHOS Joaquim
joaquín	sisó cruellas	SISÓ CRUELLAS Joaquín
joe	higgins	HIGGINS Joe
joel	hasse ferreira	HASSE FERREIRA Joel
johan	van hecke	VAN HECKE Johan
johan	van overtveldt	VAN OVERTVELDT Johan
johanna l.a.	boogerd-quaak	BOOGERD-QUAAK Johanna L.A.
johannes	blokland	BLOKLAND Johannes
johannes	lebech	LEBECH Johannes
johannes	voggenhuber	VOGGENHUBER Johannes
johannes cornelis	van baalen	VAN BAALEN Johannes Cornelis
john	attard-montalto	ATTARD-MONTALTO John
john	bowis	BOWIS John
john	bufton	BUFTON John
john	hume	HUME John
john	iversen	IVERSEN John
john	purvis	PURVIS John
john	whittaker	WHITTAKER John
john alexander	corrie	CORRIE John Alexander
john c.c.	stevens	STEVENS John C.C.
john e.	tomlinson	TOMLINSON John E.
john joseph	mccartin	MCCARTIN John Joseph
john stuart	agnew	AGNEW John Stuart
john walls	cushnahan	CUSHNAHAN John Walls
joke	swiebel	SWIEBEL Joke
jolanta	dičkutė	DIČKUTĖ Jolanta
jolanta emilia	hibner	HIBNER Jolanta Emilia
jonas	sjöstedt	SJÖSTEDT Jonas
jonathan	arnott	ARNOTT Jonathan
jonathan	evans	EVANS Jonathan
jonás	fernández	FERNÁNDEZ Jonás
joop	post	POST Joop
joost	lagendijk	LAGENDIJK Joost
jordi	sebastià	SEBASTIÀ Jordi
jorge	moreira da silva	MOREIRA DA SILVA Jorge
jorge salvador	hernández mollar	HERNÁNDEZ MOLLAR Jorge Salvador
jorgo	chatzimarkakis	CHATZIMARKAKIS Jorgo
josef	bonnici	BONNICI Josef
josef	vaculík	VACULÍK Josef
josef	weidenholzer	WEIDENHOLZER Josef
josef	zieleniec	ZIELENIEC Josef
josefa	andrés barea	ANDRÉS BAREA Josefa
josep	borrell fontelles	BORRELL FONTELLES Josep
josep	verde i aldea	VERDE I ALDEA Josep
josep e.	pons grau	PONS GRAU Josep E.
josep-maria	terricabras	TERRICABRAS Josep-Maria
joseph	cuschieri	CUSCHIERI Joseph
joseph	daul	DAUL Joseph
joseph	muscat	MUSCAT Joseph
josu	juaristi abaunz	JUARISTI ABAUNZ Josu
josu	ortuondo larrea	ORTUONDO LARREA Josu
josu jon	imaz san miguel	IMAZ SAN MIGUEL Josu Jon
josé	apolinário	APOLINÁRIO José
josé	barros moura	BARROS MOURA José
josé	blanco lópez	BLANCO LÓPEZ José
josé	bové	BOVÉ José
josé	girão pereira	GIRÃO PEREIRA José
josé	mendes bota	MENDES BOTA José
josé	pacheco pereira	PACHECO PEREIRA José
josé	valverde lópez	VALVERDE LÓPEZ José
josé	vila abelló	VILA ABELLÓ José
josé albino	silva peneda	SILVA PENEDA José Albino
josé antonio	escudero	ESCUDERO José Antonio
josé domingo	posada gonzález	POSADA GONZÁLEZ José Domingo
josé h.g.	happart	HAPPART José H.G.
josé ignacio	salafranca sánchez-neyra	SALAFRANCA SÁNCHEZ-NEYRA José Ignacio
josé inácio	faria	FARIA José Inácio
josé javier	pomés ruiz	POMÉS RUIZ José Javier
josé manuel	fernandes	FERNANDES José Manuel
josé manuel	garcía-margallo y marfil	GARCÍA-MARGALLO Y MARFIL José Manuel
josé manuel	torres couto	TORRES COUTO José Manuel
josé maría	gil-robles gil-delgado	GIL-ROBLES GIL-DELGADO José María
josé maría	mendiluce pereiro	MENDILUCE PEREIRO José María
jozef	heriban	HERIBAN Jozef
jozef	ševc	ŠEVC Jozef
jozo	radoš	RADOŠ Jozo
joão	ferreira	FERREIRA João
joão	gouveia	GOUVEIA João
joão de deus	pinheiro	PINHEIRO João de Deus
joëlle	bergeron	BERGERON Joëlle
joëlle	mélin	MÉLIN Joëlle
juan	fraile cantón	FRAILE CANTÓN Juan
juan	ojeda sanz	OJEDA SANZ Juan
juan andrés	naranjo escobar	NARANJO ESCOBAR Juan Andrés
juan carlos	girauta vidal	GIRAUTA VIDAL Juan Carlos
juan de dios	izquierdo collado	IZQUIERDO COLLADO Juan de Dios
juan de dios	ramírez heredia	RAMÍREZ HEREDIA Juan de Dios
juan fernando	lópez aguilar	LÓPEZ AGUILAR Juan Fernando
juan josé	bayona de perogordo	BAYONA DE PEROGORDO Juan José
juan luis	colino salamanca	COLINO SALAMANCA Juan Luis
juan manuel	fabra vallés	FABRA VALLÉS Juan Manuel
juan manuel	ferrández lezaun	FERRÁNDEZ LEZAUN Juan Manuel
jude	kirton-darling	KIRTON-DARLING Jude
judith	sargentini	SARGENTINI Judith
judith a.	merkies	MERKIES Judith A.
jules	maaten	MAATEN Jules
julia	pitera	PITERA Julia
julia	reda	REDA Julia
julia	reid	REID Julia
julie	girling	GIRLING Julie
julie	ward	WARD Julie
juozas	imbrasas	IMBRASAS Juozas
jup	weber	WEBER Jup
juris	dobelis	DOBELIS Juris
juris	sokolovskis	SOKOLOVSKIS Juris
jussi	halla-aho	HALLA-AHO Jussi
justas vincas	paleckis	PALECKIS Justas Vincas
justina	vitkauskaite bernard	VITKAUSKAITE BERNARD Justina
jutta	haug	HAUG Jutta
jutta	steinruck	STEINRUCK Jutta
jyrki	otila	OTILA Jyrki
jytte	guteland	GUTELAND Jytte
ján	figeľ	FIGEĽ Ján
ján	hudacký	HUDACKÝ Ján
jános	áder	ÁDER János
jérôme	lavrilleux	LAVRILLEUX Jérôme
józef	oleksy	OLEKSY Józef
józef	pinior	PINIOR Józef
józef jerzy	kubica	KUBICA Józef Jerzy
józsef	nagy	NAGY József
józsef	szájer	SZÁJER József
józsef	ékes	ÉKES József
jörg	leichtfried	LEICHTFRIED Jörg
jörn	svensson	SVENSSON Jörn
jörn johan	donner	DONNER Jörn Johan
jørn	dohrmann	DOHRMANN Jørn
július	brocka	BROCKA Július
jürgen	creutzmann	CREUTZMANN Jürgen
jürgen	klute	KLUTE Jürgen
jürgen	schröder	SCHRÖDER Jürgen
jürgen	zimmerling	ZIMMERLING Jürgen
kader	arif	ARIF Kader
kaja	kallas	KALLAS Kaja
karel c.c.	dillen	DILLEN Karel C.C.
karim	zéribi	ZÉRIBI Karim
karima	delli	DELLI Karima
karin	junker	JUNKER Karin
karin	jöns	JÖNS Karin
karin	kadenbach	KADENBACH Karin
karin	resetarits	RESETARITS Karin
karin	riis-jørgensen	RIIS-JØRGENSEN Karin
karin	scheele	SCHEELE Karin
karl	habsburg-lothringen	HABSBURG-LOTHRINGEN Karl
karl	schweitzer	SCHWEITZER Karl
karl	von wogau	VON WOGAU Karl
karl erik	olsson	OLSSON Karl Erik
karl-heinz	florenz	FLORENZ Karl-Heinz
karla m.h.	peijs	PEIJS Karla M.H.
karol	karski	KARSKI Karol
karsten	knolle	KNOLLE Karsten
karsten friedrich	hoppenstedt	HOPPENSTEDT Karsten Friedrich
kartika tamara	liotard	LIOTARD Kartika Tamara
kashetu	kyenge	KYENGE Kashetu
katalin	lévai	LÉVAI Katalin
katarína	neveďalová	NEVEĎALOVÁ Katarína
katerina	batzeli	BATZELI Katerina
katerina	daskalaki	DASKALAKI Katerina
kateřina	konečná	KONEČNÁ Kateřina
kathalijne maria	buitenweg	BUITENWEG Kathalijne Maria
kathleen	van brempt	VAN BREMPT Kathleen
kathy	sinnott	SINNOTT Kathy
kati	piri	PIRI Kati
katrin	saks	SAKS Katrin
kay	swinburne	SWINBURNE Kay
kazimierz michał	ujazdowski	UJAZDOWSKI Kazimierz Michał
kazys jaunutis	bobelis	BOBELIS Kazys Jaunutis
keith	taylor	TAYLOR Keith
kenneth	coates	COATES Kenneth
kenneth a.	stewart	STEWART Kenneth A.
kenneth d.	collins	COLLINS Kenneth D.
kent	johansson	JOHANSSON Kent
kerstin	westphal	WESTPHAL Kerstin
kestutis	kuzmickas	KUZMICKAS Kestutis
kinga	gál	GÁL Kinga
kinga	göncz	GÖNCZ Kinga
kirsi katariina	piha	PIHA Kirsi Katariina
kirsten m.	jensen	JENSEN Kirsten M.
klaus	buchner	BUCHNER Klaus
klaus	hänsch	HÄNSCH Klaus
klaus	lukas	LUKAS Klaus
klaus	rehder	REHDER Klaus
klaus-heiner	lehne	LEHNE Klaus-Heiner
knut	fleckenstein	FLECKENSTEIN Knut
koenraad	dillen	DILLEN Koenraad
koldo	gorostiaga atxalandabaso	GOROSTIAGA ATXALANDABASO Koldo
konrad	szymański	SZYMAŃSKI Konrad
konrad k.	schwaiger	SCHWAIGER Konrad K.
konstadinos	klironomos	KLIRONOMOS Konstadinos
konstantin	dimitrov	DIMITROV Konstantin
konstantinos	alyssandrakis	ALYSSANDRAKIS Konstantinos
konstantinos	droutsas	DROUTSAS Konstantinos
konstantinos	hatzidakis	HATZIDAKIS Konstantinos
konstantinos	papadakis	PAPADAKIS Konstantinos
konstantinos	poupakis	POUPAKIS Konstantinos
kosma	złotowski	ZŁOTOWSKI Kosma
kostadinka	kuneva	KUNEVA Kostadinka
kostas	chrysogonos	CHRYSOGONOS Kostas
kristian	vigenin	VIGENIN Kristian
kristiina	ojuland	OJULAND Kristiina
kristina	winberg	WINBERG Kristina
krisztina	morvai	MORVAI Krisztina
kriton	arsenis	ARSENIS Kriton
krišjānis	kariņš	KARIŅŠ Krišjānis
krystyna	łybacka	ŁYBACKA Krystyna
krzysztof	filipek	FILIPEK Krzysztof
krzysztof	hetman	HETMAN Krzysztof
krzysztof	hołowczyc	HOŁOWCZYC Krzysztof
krzysztof	lisek	LISEK Krzysztof
krzysztof	rutkowski	RUTKOWSKI Krzysztof
kurt	lechner	LECHNER Kurt
kurt	malangré	MALANGRÉ Kurt
kurt joachim	lauk	LAUK Kurt Joachim
kyriacos	triantaphyllides	TRIANTAPHYLLIDES Kyriacos
kyriakos	mavronikolas	MAVRONIKOLAS Kyriakos
kyösti	toivonen	TOIVONEN Kyösti
kyösti	virrankoski	VIRRANKOSKI Kyösti
károly ferenc	szabó	SZABÓ Károly Ferenc
kārlis	šadurskis	ŠADURSKIS Kārlis
kęstutis	kriščiūnas	KRIŠČIŪNAS Kęstutis
laima liucija	andrikienė	ANDRIKIENĖ Laima Liucija
lajos	bokros	BOKROS Lajos
lambert	van nistelrooij	VAN NISTELROOIJ Lambert
lampros	fountoulis	FOUNTOULIS Lampros
lapo	pistelli	PISTELLI Lapo
lara	comi	COMI Lara
lars	adaktusson	ADAKTUSSON Lars
lars	wohlin	WOHLIN Lars
lasse	lehtinen	LEHTINEN Lasse
laura	agea	AGEA Laura
laura	de esteban martin	DE ESTEBAN MARTIN Laura
laura	ferrara	FERRARA Laura
laura	gonzález álvarez	GONZÁLEZ ÁLVAREZ Laura
laurence j.a.j.	stassen	STASSEN Laurence J.A.J.
laurens jan	brinkhorst	BRINKHORST Laurens Jan
laurențiu	rebega	REBEGA Laurențiu
leen	van der waal	VAN DER WAAL Leen
lefteris	christoforou	CHRISTOFOROU Lefteris
lena	ek	EK Lena
lena	kolarska-bobińska	KOLARSKA-BOBIŃSKA Lena
lennart	sacrédeus	SACRÉDEUS Lennart
leo c.	tindemans	TINDEMANS Leo C.
leoluca	orlando	ORLANDO Leoluca
leonardo	domenici	DOMENICI Leonardo
leonidas	donskis	DONSKIS Leonidas
leonie g.l.	van bladel	VAN BLADEL Leonie G.L.
leopold józef	rutowicz	RUTOWICZ Leopold Józef
liadh	ní riada	NÍ RIADA Liadh
liam	aylward	AYLWARD Liam
liam	hyland	HYLAND Liam
libor	rouček	ROUČEK Libor
licia	ronzulli	RONZULLI Licia
lidia	senra rodríguez	SENRA RODRÍGUEZ Lidia
lidia joanna	geringer de oedenberg	GERINGER DE OEDENBERG Lidia Joanna
liem	hoang ngoc	HOANG NGOC Liem
liene	liepiņa	LIEPIŅA Liene
liisa	jaakonsaari	JAAKONSAARI Liisa
liliana	rodrigues	RODRIGUES Liliana
lilli	gruber	GRUBER Lilli
lilli	gyldenkilde	GYLDENKILDE Lilli
lily	jacobs	JACOBS Lily
linda	mcavan	MCAVAN Linda
linnéa	engström	ENGSTRÖM Linnéa
lis	jensen	JENSEN Lis
lisbeth	grönfeldt bergman	GRÖNFELDT BERGMAN Lisbeth
lissy	gröner	GRÖNER Lissy
livio	filippi	FILIPPI Livio
ljubo	germič	GERMIČ Ljubo
ljudmila	novak	NOVAK Ljudmila
lola	sánchez caldentey	SÁNCHEZ CALDENTEY Lola
lone	dybkjær	DYBKJÆR Lone
lord	inglewood	INGLEWOOD Lord
lord	plumb	PLUMB Lord
lorenzo	cesa	CESA Lorenzo
lorenzo	fontana	FONTANA Lorenzo
lothar	bisky	BISKY Lothar
louis	aliot	ALIOT Louis
louis	bontes	BONTES Louis
louis	grech	GRECH Louis
louis	ide	IDE Louis
louis	michel	MICHEL Louis
louis-joseph	manscour	MANSCOUR Louis-Joseph
louise	bours	BOURS Louise
lousewies	van der laan	VAN DER LAAN Lousewies
loyola	de palacio	DE PALACIO Loyola
luca	romagnoli	ROMAGNOLI Luca
lucas	hartong	HARTONG Lucas
luciana	castellina	CASTELLINA Luciana
luciana	sbarbati	SBARBATI Luciana
luciano	caveri	CAVERI Luciano
luciano	pettinari	PETTINARI Luciano
luciano	schifone	SCHIFONE Luciano
luciano	vecchi	VECCHI Luciano
lucio	manisco	MANISCO Lucio
luckas	vander taelen	VANDER TAELEN Luckas
lucy	anderson	ANDERSON Lucy
ludivina	garcía arias	GARCÍA ARIAS Ludivina
luděk	niedermayer	NIEDERMAYER Luděk
luděk	sefzig	SEFZIG Luděk
luigi	berlinguer	BERLINGUER Luigi
luigi	caligaris	CALIGARIS Luigi
luigi	cesaro	CESARO Luigi
luigi	cocilovo	COCILOVO Luigi
luigi	de magistris	DE MAGISTRIS Luigi
luigi	moretti	MORETTI Luigi
luigi	morgano	MORGANO Luigi
luigi	vinci	VINCI Luigi
luigi alberto	colajanni	COLAJANNI Luigi Alberto
luigi andrea	florio	FLORIO Luigi Andrea
luigi ciriaco	de mita	DE MITA Luigi Ciriaco
luis	berenguer fuster	BERENGUER FUSTER Luis
luis	campoy zueco	CAMPOY ZUECO Luis
luis	de grandes pascual	DE GRANDES PASCUAL Luis
luis	herrero-tejedor	HERRERO-TEJEDOR Luis
luis	yáñez-barnuevo garcía	YÁÑEZ-BARNUEVO GARCÍA Luis
luis manuel	capoulas santos	CAPOULAS SANTOS Luis Manuel
luis marco	aguiriano nalda	AGUIRIANO NALDA Luis Marco
luisa	morgantini	MORGANTINI Luisa
luisa	todini	TODINI Luisa
luisa fernanda	rudi ubeda	RUDI UBEDA Luisa Fernanda
luke ming	flanagan	FLANAGAN Luke Ming
lutz	goepel	GOEPEL Lutz
luís	marinho	MARINHO Luís
luís	queiró	QUEIRÓ Luís
luís paulo	alves	ALVES Luís Paulo
lydia	schenardi	SCHENARDI Lydia
lydia	shouleva	SHOULEVA Lydia
lydie	polfer	POLFER Lydie
lyndon h.a.	harrison	HARRISON Lyndon H.A.
lynn	boylan	BOYLAN Lynn
a. nagy lászló		 A. NAGY László
lászló	surján	SURJÁN László
lászló	tőkés	TŐKÉS László
lívia	járóka	JÁRÓKA Lívia
maartje j.a.	van putten	VAN PUTTEN Maartje J.A.
maciej marian	giertych	GIERTYCH Maciej Marian
maddalena	calia	CALIA Maddalena
madeleine	jouye de grandmaison	JOUYE DE GRANDMAISON Madeleine
mady	delvaux	DELVAUX Mady
magda	kósáné kovács	KÓSÁNÉ KOVÁCS Magda
magda g.h.	aelvoet	AELVOET Magda G.H.
magdalena	alvarez	ALVAREZ Magdalena
magdalene	hoff	HOFF Magdalene
magdi cristiano	allam	ALLAM Magdi Cristiano
magor imre	csibi	CSIBI Magor Imre
mairead	mcguinness	MCGUINNESS Mairead
maite	pagazaurtundúa ruiz	PAGAZAURTUNDÚA RUIZ Maite
maj britt	theorin	THEORIN Maj Britt
maj-lis	lööw	LÖÖW Maj-Lis
majda	širca	ŠIRCA Majda
malcolm	harbour	HARBOUR Malcolm
malika	benarab-attou	BENARAB-ATTOU Malika
malin	björk	BJÖRK Malin
malou	lindholm	LINDHOLM MaLou
manfred	weber	WEBER Manfred
manolis	kefalogiannis	KEFALOGIANNIS Manolis
manolis	mavrommatis	MAVROMMATIS Manolis
manuel	escola hernando	ESCOLA HERNANDO Manuel
manuel	medina ortega	MEDINA ORTEGA Manuel
manuel	porto	PORTO Manuel
manuel	pérez álvarez	PÉREZ ÁLVAREZ Manuel
manuel antónio dos	santos	SANTOS Manuel António dos
manuela	frutos gama	FRUTOS GAMA Manuela
mara	bizzotto	BIZZOTTO Mara
marc	joulaud	JOULAUD Marc
marc	tarabella	TARABELLA Marc
marcel	de graaff	DE GRAAFF Marcel
marcel	schlechter	SCHLECHTER Marcel
marcelino	oreja arburúa	OREJA ARBURÚA Marcelino
l'utri marcello	del	DEL L'UTRI Marcello
marcello	vernola	VERNOLA Marcello
marcin	libicki	LIBICKI Marcin
marco	affronte	AFFRONTE Marco
marco	cappato	CAPPATO Marco
marco	cellai	CELLAI Marco
marco	formentini	FORMENTINI Marco
marco	pannella	PANNELLA Marco
marco	rizzo	RIZZO Marco
marco	scurria	SCURRIA Marco
marco	valli	VALLI Marco
marco	zanni	ZANNI Marco
marco	zullo	ZULLO Marco
marcus	pretzell	PRETZELL Marcus
marek	jurek	JUREK Marek
marek	plura	PLURA Marek
marek	siwiec	SIWIEC Marek
marek aleksander	czarnecki	CZARNECKI Marek Aleksander
marek damian	widuch	WIDUCH Marek Damian
marek henryk	migalski	MIGALSKI Marek Henryk
marek józef	gróbarczyk	GRÓBARCZYK Marek Józef
marek michał	wikiński	WIKIŃSKI Marek Michał
maren	günther	GÜNTHER Maren
margarita	starkevičiūtė	STARKEVIČIŪTĖ Margarita
margaritis	schinas	SCHINAS Margaritis
margie	sudre	SUDRE Margie
margot	kessler	KESSLER Margot
margot	parker	PARKER Margot
margrete	auken	AUKEN Margrete
margrietus	van den berg	VAN DEN BERG Margrietus
maria	arena	ARENA Maria
maria	badia i cutchet	BADIA I CUTCHET Maria
maria	berger	BERGER Maria
maria	cappone	CAPPONE Maria
maria	carrilho	CARRILHO Maria
maria	grapini	GRAPINI Maria
maria	heubuch	HEUBUCH Maria
maria	martens	MARTENS Maria
maria	matsouka	MATSOUKA Maria
maria	noichl	NOICHL Maria
maria	petre	PETRE Maria
maria	robsahm	ROBSAHM Maria
maria	spyraki	SPYRAKI Maria
maria adelaide	aglietta	AGLIETTA Maria Adelaide
maria celeste	cardona	CARDONA Maria Celeste
maria da assunção	esteves	ESTEVES Maria da Assunção
maria da graça	carvalho	CARVALHO Maria Da Graça
maria del carmen	ortiz rivas	ORTIZ RIVAS Maria del Carmen
maria do céu	patrão neves	PATRÃO NEVES Maria do Céu
maria eleni	koppa	KOPPA Maria Eleni
maria grazia	pagano	PAGANO Maria Grazia
maria johanna (marieke)	sanders-ten holte	SANDERS-TEN HOLTE Maria Johanna (Marieke)
maria joão	rodrigues	RODRIGUES Maria João
maria paola	colombo svevo	COLOMBO SVEVO Maria Paola
marialiese	flemming	FLEMMING Marialiese
marian	harkin	HARKIN Marian
marian	zlotea	ZLOTEA Marian
marian	żenkiewicz	ŻENKIEWICZ Marian
marian-jean	marinescu	MARINESCU Marian-Jean
marianne	eriksson	ERIKSSON Marianne
marianne	mikko	MIKKO Marianne
marianne	thyssen	THYSSEN Marianne
marie	panayotopoulos-cassiotou	PANAYOTOPOULOS-CASSIOTOU Marie
marie anne	isler béguin	ISLER BÉGUIN Marie Anne
marie-arlette	carlotti	CARLOTTI Marie-Arlette
marie-christine	arnautu	ARNAUTU Marie-Christine
marie-christine	boutonnet	BOUTONNET Marie-Christine
marie-christine	vergiat	VERGIAT Marie-Christine
marie-france	de rose	DE ROSE Marie-France
marie-france	stirbois	STIRBOIS Marie-France
marie-françoise	duthu	DUTHU Marie-Françoise
marie-françoise	garaud	GARAUD Marie-Françoise
marie-hélène	aubert	AUBERT Marie-Hélène
marie-hélène	descamps	DESCAMPS Marie-Hélène
marie-hélène	gillig	GILLIG Marie-Hélène
marie-josé	denys	DENYS Marie-José
marie-line	reynaud	REYNAUD Marie-Line
marie-noëlle	lienemann	LIENEMANN Marie-Noëlle
marie-paule (mimi)	kestelijn-sierens	KESTELIJN-SIERENS Marie-Paule (Mimi)
marie-thérèse	hermange	HERMANGE Marie-Thérèse
marie-thérèse	mutin	MUTIN Marie-Thérèse
marie-thérèse	sanchez-schmid	SANCHEZ-SCHMID Marie-Thérèse
mariela velichkova	baeva	BAEVA Mariela Velichkova
marielle	de sarnez	DE SARNEZ Marielle
marielle	gallo	GALLO Marielle
marietje	schaake	SCHAAKE Marietje
marietta	giannakou	GIANNAKOU Marietta
marijana	petir	PETIR Marijana
marije	cornelissen	CORNELISSEN Marije
marilena	marin	MARIN Marilena
marilisa	xenogiannakopoulou	XENOGIANNAKOPOULOU Marilisa
marina	albiol guzmán	ALBIOL GUZMÁN Marina
marina	yannakoudakis	YANNAKOUDAKIS Marina
marine	le pen	LE PEN Marine
marino	baldini	BALDINI Marino
mario	borghezio	BORGHEZIO Mario
mario	de marco	DE MARCO Mario
mario	mantovani	MANTOVANI Mario
mario	mauro	MAURO Mario
mario	pirillo	PIRILLO Mario
marios	matsakis	MATSAKIS Marios
mariotto	segni	SEGNI Mariotto
marisa	matias	MATIAS Marisa
marit	paulsen	PAULSEN Marit
marita	ulvskog	ULVSKOG Marita
mariya	gabriel	GABRIEL Mariya
marjatta	stenius-kaukonen	STENIUS-KAUKONEN Marjatta
marjo	matikainen-kallström	MATIKAINEN-KALLSTRÖM Marjo
marju	lauristin	LAURISTIN Marju
mark	demesmaeker	DEMESMAEKER Mark
mark	killilea	KILLILEA Mark
mark francis	watts	WATTS Mark Francis
mark phillip	hendrick	HENDRICK Mark Phillip
markus	ferber	FERBER Markus
markus	pieper	PIEPER Markus
marlene	lenz	LENZ Marlene
marlene	mizzi	MIZZI Marlene
marlies	mosiek-urbahn	MOSIEK-URBAHN Marlies
mart	laar	LAAR Mart
marta	andreasen	ANDREASEN Marta
marta	vincenzi	VINCENZI Marta
martijans	bekasovs	BEKASOVS Martijans
martin	callanan	CALLANAN Martin
martin	dimitrov	DIMITROV Martin
martin	ehrenhauser	EHRENHAUSER Martin
martin	häusling	HÄUSLING Martin
martin	kastler	KASTLER Martin
martin	schulz	SCHULZ Martin
martin	sonneborn	SONNEBORN Martin
martina	anderson	ANDERSON Martina
martina	dlabajová	DLABAJOVÁ Martina
martina	gredler	GREDLER Martina
martina	michels	MICHELS Martina
martina	werner	WERNER Martina
martine	roure	ROURE Martine
martí	grau i segú	GRAU I SEGÚ Martí
marusya	lyubcheva	LYUBCHEVA Marusya
mary	honeyball	HONEYBALL Mary
mary elizabeth	banotti	BANOTTI Mary Elizabeth
mary lou	mcdonald	MCDONALD Mary Lou
maría	irigoyen pérez	IRIGOYEN PÉREZ María
maría	izquierdo rojo	IZQUIERDO ROJO María
maría	muñiz de urquiza	MUÑIZ DE URQUIZA María
maría	rodríguez ramos	RODRÍGUEZ RAMOS María
maría	sornosa martínez	SORNOSA MARTÍNEZ María
maría antonia	avilés perea	AVILÉS PEREA María Antonia
maría auxiliadora	correa zamora	CORREA ZAMORA María Auxiliadora
maría isabel	salinas garcía	SALINAS GARCÍA María Isabel
maría jesús	aramburu del río	ARAMBURU DEL RÍO María Jesús
maría luisa	bergaz conesa	BERGAZ CONESA María Luisa
maría teresa	estevan bolea	ESTEVAN BOLEA María Teresa
massimiliano	salini	SALINI Massimiliano
massimo	cacciari	CACCIARI Massimo
massimo	carraro	CARRARO Massimo
massimo	corsaro	CORSARO Massimo
d'alema massimo		 D'ALEMA Massimo
massimo	paolucci	PAOLUCCI Massimo
mathias	reichhold	REICHHOLD Mathias
mathieu	grosch	GROSCH Mathieu
matt	carthy	CARTHY Matt
matteo	salvini	SALVINI Matteo
matthias	groote	GROOTE Matthias
matthijs	van miltenburg	VAN MILTENBURG Matthijs
matti	wuori	WUORI Matti
maurice	ponga	PONGA Maurice
maurizio	turco	TURCO Maurizio
mauro	nobilia	NOBILIA Mauro
mauro	zani	ZANI Mauro
max	andersson	ANDERSSON Max
małgorzata	handzlik	HANDZLIK Małgorzata
małgorzata	winiarczyk-kossakowska	WINIARCZYK-KOSSAKOWSKA Małgorzata
mechtild	rothe	ROTHE Mechtild
mercedes	bresso	BRESSO Mercedes
merja	kyllönen	KYLLÖNEN Merja
meropi	kaldi	KALDI Meropi
metin	kazak	KAZAK Metin
mia	de vits	DE VITS Mia
miapetra	kumpula-natri	KUMPULA-NATRI Miapetra
michael	cashman	CASHMAN Michael
michael	cramer	CRAMER Michael
michael	frendo	FRENDO Michael
michael	gahler	GAHLER Michael
michael	mcgowan	MCGOWAN Michael
michael	spindelegger	SPINDELEGGER Michael
michael	tappin	TAPPIN Michael
michael	theurer	THEURER Michael
michael j.	hindley	HINDLEY Michael J.
michael john	holmes	HOLMES Michael John
michael n.	elliott	ELLIOTT Michael N.
michaela	šojdrová	ŠOJDROVÁ Michaela
michail	tremopoulos	TREMOPOULOS Michail
michał	boni	BONI Michał
michał	marusik	MARUSIK Michał
michał tomasz	kamiński	KAMIŃSKI Michał Tomasz
michel	barnier	BARNIER Michel
michel	dantin	DANTIN Michel
michel	hansenne	HANSENNE Michel
michel	raymond	RAYMOND Michel
michel	reimon	REIMON Michel
michel	rocard	ROCARD Michel
michel	teychenné	TEYCHENNÉ Michel
michel j.m.	dary	DARY Michel J.M.
michel-ange	scarbonchi	SCARBONCHI Michel-Ange
michela	giuffrida	GIUFFRIDA Michela
michele	santoro	SANTORO Michele
michiel	van hulten	VAN HULTEN Michiel
michl	ebner	EBNER Michl
michèle	alliot-marie	ALLIOT-MARIE Michèle
michèle	lindeperg	LINDEPERG Michèle
michèle	rivasi	RIVASI Michèle
michèle	striffler	STRIFFLER Michèle
mieczysław edmund	janowski	JANOWSKI Mieczysław Edmund
miet	smet	SMET Miet
miguel	arias cañete	ARIAS CAÑETE Miguel
miguel	portas	PORTAS Miguel
miguel	urbán crespo	URBÁN CRESPO Miguel
miguel	viegas	VIEGAS Miguel
miguel angel	martínez martínez	MARTÍNEZ MARTÍNEZ Miguel Angel
mihael	brejc	BREJC Mihael
mihaela	popa	POPA Mihaela
mihai	țurcanu	ȚURCANU Mihai
mihail	papayannakis	PAPAYANNAKIS Mihail
mihály	balla	BALLA Mihály
mikael	gustafsson	GUSTAFSSON Mikael
mike	hookem	HOOKEM Mike
mike	nattrass	NATTRASS Mike
mikel	irujo amezaga	IRUJO AMEZAGA Mikel
mikko	pesälä	PESÄLÄ Mikko
mikko	rönnholm	RÖNNHOLM Mikko
milan	cabrnoch	CABRNOCH Milan
milan	ekert	EKERT Milan
milan	gaľa	GAĽA Milan
milan	horáček	HORÁČEK Milan
milan	linzer	LINZER Milan
milan	zver	ZVER Milan
milorad	pupovac	PUPOVAC Milorad
miloslav	ransdorf	RANSDORF Miloslav
miloš	koterec	KOTEREC Miloš
miloš	titz	TITZ Miloš
miltiadis	kyrkos	KYRKOS Miltiadis
mindaugas	bastys	BASTYS Mindaugas
minerva melpomeni	malliori	MALLIORI Minerva Melpomeni
minodora	cliveti	CLIVETI Minodora
miquel	mayol i raynal	MAYOL I RAYNAL Miquel
mircea	diaconu	DIACONU Mircea
d'ornano mireille		 D'ORNANO Mireille
mireille conception	domenech	DOMENECH Mireille Conception
miriam	dalli	DALLI Miriam
mirja	ryynänen	RYYNÄNEN Mirja
miroslav	beneš	BENEŠ Miroslav
miroslav	mikolášik	MIKOLÁŠIK Miroslav
miroslav	ouzký	OUZKÝ Miroslav
miroslav	poche	POCHE Miroslav
mirosław	piotrowski	PIOTROWSKI Mirosław
mitro	repo	REPO Mitro
mladen petrov	chervenyakov	CHERVENYAKOV Mladen Petrov
mogens	camre	CAMRE Mogens
mojca	drčar murko	DRČAR MURKO Mojca
mojca	kleva kekuš	KLEVA KEKUŠ Mojca
molly	scott cato	SCOTT CATO Molly
momchil	nekov	NEKOV Momchil
monica	frassoni	FRASSONI Monica
monica	giuntini	GIUNTINI Monica
monica	macovei	MACOVEI Monica
monica maria	iacob-ridzi	IACOB-RIDZI Monica Maria
monica octavia	muscă	MUSCĂ Monica Octavia
monica stefania	baldi	BALDI Monica Stefania
monika	flašíková beňová	FLAŠÍKOVÁ BEŇOVÁ Monika
monika	hohlmeier	HOHLMEIER Monika
monika	panayotova	PANAYOTOVA Monika
monika	smolková	SMOLKOVÁ Monika
monika	vana	VANA Monika
morten	løkkegaard	LØKKEGAARD Morten
morten	messerschmidt	MESSERSCHMIDT Morten
morten helveg	petersen	PETERSEN Morten Helveg
mylène	troszczynski	TROSZCZYNSKI Mylène
myrsini	zorba	ZORBA Myrsini
mário	david	DAVID Mário
mário	soares	SOARES Mário
mátyás	eörsi	EÖRSI Mátyás
mónica	ridruejo	RIDRUEJO Mónica
nadezhda	neynsky	NEYNSKY Nadezhda
nadine	morano	MORANO Nadine
nadja	hirsch	HIRSCH Nadja
nana	mouskouri	MOUSKOURI Nana
nathalie	griesbeck	GRIESBECK Nathalie
nathan	gill	GILL Nathan
nedzhmi	ali	ALI Nedzhmi
neena	gill	GILL Neena
neil	maccormick	MACCORMICK Neil
neil	parish	PARISH Neil
nel b.m.	van dijk	VAN DIJK Nel B.M.
nelly	maes	MAES Nelly
neoklis	sylikiotis	SYLIKIOTIS Neoklis
nessa	childers	CHILDERS Nessa
niall	andrews	ANDREWS Niall
niccolò	rinaldi	RINALDI Niccolò
nicholas	bethell	BETHELL Nicholas
nicholas	clegg	CLEGG Nicholas
nick	griffin	GRIFFIN Nick
nickolay	mladenov	MLADENOV Nickolay
nicodim	bulzesc	BULZESC Nicodim
nicola	caputo	CAPUTO Nicola
nicola	danti	DANTI Nicola
nicola	zingaretti	ZINGARETTI Nicola
nicolae vlad	popa	POPA Nicolae Vlad
nicolas	bay	BAY Nicolas
nicolas	sarkozy	SARKOZY Nicolas
nicole	fontaine	FONTAINE Nicole
nicole	kiil-nielsen	KIIL-NIELSEN Nicole
nicole	pery	PERY Nicole
nicole	sinclaire	SINCLAIRE Nicole
nicole	thomas-mauro	THOMAS-MAURO Nicole
niels	busk	BUSK Niels
niels	sindal	SINDAL Niels
niels anker	kofoed	KOFOED Niels Anker
nigel	farage	FARAGE Nigel
niki	tzavela	TZAVELA Niki
nikitas	kaklamanis	KAKLAMANIS Nikitas
nikola	vuljanić	VULJANIĆ Nikola
nikolaos	chountis	CHOUNTIS Nikolaos
nikolaos	papakyriazis	PAPAKYRIAZIS Nikolaos
nikolaos	salavrakos	SALAVRAKOS Nikolaos
nikolaos	sifunakis	SIFUNAKIS Nikolaos
nikolaos	vakalis	VAKALIS Nikolaos
nikolay	barekov	BAREKOV Nikolay
nikos	androulakis	ANDROULAKIS Nikos
nikos	chrysogelos	CHRYSOGELOS Nikos
nils	lundgren	LUNDGREN Nils
nils	torvalds	TORVALDS Nils
nina	škottová	ŠKOTTOVÁ Nina
nirj	deva	DEVA Nirj
nora	berra	BERRA Nora
norbert	erdős	ERDŐS Norbert
norbert	glante	GLANTE Norbert
norbert	lins	LINS Norbert
norbert	neuser	NEUSER Norbert
norica	nicolai	NICOLAI Norica
norman	west	WEST Norman
notis	marias	MARIAS Notis
noël	mamère	MAMÈRE Noël
nuala	ahern	AHERN Nuala
nuno	melo	MELO Nuno
nuno	teixeira	TEIXEIRA Nuno
nélio	mendonça	MENDONÇA Nélio
odile	leperre-verrier	LEPERRE-VERRIER Odile
olaf	stuger	STUGER Olaf
oldřich	vlasák	VLASÁK Oldřich
ole	andreasen	ANDREASEN Ole
ole	christensen	CHRISTENSEN Ole
ole	krarup	KRARUP Ole
ole b.	sørensen	SØRENSEN Ole B.
oleg	valjalo	VALJALO Oleg
olga	sehnalová	SEHNALOVÁ Olga
olga	zrihen	ZRIHEN Olga
olivier	duhamel	DUHAMEL Olivier
olivier	dupuis	DUPUIS Olivier
olle	ludvigsson	LUDVIGSSON Olle
olle	schmidt	SCHMIDT Olle
olli	rehn	REHN Olli
ombretta	colli	COLLI Ombretta
ona	rainyté-bodard	RAINYTÉ-BODARD Ona
oreste	rossi	ROSSI Oreste
oriol	junqueras vies	JUNQUERAS VIES Oriol
othmar	karas	KARAS Othmar
ottaviano	del turco	DEL TURCO Ottaviano
otto	bardong	BARDONG Otto
otto	von habsburg	VON HABSBURG Otto
outi	ojala	OJALA Outi
ovidiu ioan	silaghi	SILAGHI Ovidiu Ioan
ovidiu victor	ganț	GANȚ Ovidiu Victor
ozan	ceyhun	CEYHUN Ozan
paavo	väyrynen	VÄYRYNEN Paavo
pablo	arias echeverría	ARIAS ECHEVERRÍA Pablo
pablo	echenique	ECHENIQUE Pablo
pablo	iglesias	IGLESIAS Pablo
pablo	zalba bidegain	ZALBA BIDEGAIN Pablo
paloma	lópez bermejo	LÓPEZ BERMEJO Paloma
panagiotis	beglitis	BEGLITIS Panagiotis
panayiotis	demetriou	DEMETRIOU Panayiotis
panayotis	lambrias	LAMBRIAS Panayotis
paolo	bartolozzi	BARTOLOZZI Paolo
paolo	cirino pomicino	CIRINO POMICINO Paolo
paolo	costa	COSTA Paolo
paolo	de castro	DE CASTRO Paolo
paolo	pastorelli	PASTORELLI Paolo
paraskevas	avgerinos	AVGERINOS Paraskevas
pascal	arimont	ARIMONT Pascal
pascal	canfin	CANFIN Pascal
pascal	durand	DURAND Pascal
pascale	gruny	GRUNY Pascale
pasqualina	napoletano	NAPOLETANO Pasqualina
pat	cox	COX Pat
pat the cope	gallagher	GALLAGHER Pat the Cope
patrice	tirolien	TIROLIEN Patrice
patricia	mckenna	MCKENNA Patricia
patricia	van der kammen	VAN DER KAMMEN Patricia
patricija	šulin	ŠULIN Patricija
patrick	gaubert	GAUBERT Patrick
patrick	le hyaric	LE HYARIC Patrick
patrick	louis	LOUIS Patrick
o'flynn patrick		 O'FLYNN Patrick
patrizia	toia	TOIA Patrizia
patsy	sörensen	SÖRENSEN Patsy
paul	brannen	BRANNEN Paul
paul	murphy	MURPHY Paul
paul	nuttall	NUTTALL Paul
paul	rübig	RÜBIG Paul
paul	tang	TANG Paul
paul	van buitenen	VAN BUITENEN Paul
paul	vergès	VERGÈS Paul
paul a.a.j.g.	lannoye	LANNOYE Paul A.A.J.G.
paul marie	coûteaux	COÛTEAUX Paul Marie
pauline	green	GREEN Pauline
paulis	kļaviņš	KĻAVIŅŠ Paulis
paulo	casaca	CASACA Paulo
paulo	portas	PORTAS Paulo
paulo	rangel	RANGEL Paulo
pavel	poc	POC Pavel
pavel	svoboda	SVOBODA Pavel
pavel	telička	TELIČKA Pavel
pavlos	sarlis	SARLIS Pavlos
pavol	kubovič	KUBOVIČ Pavol
paweł	zalewski	ZALEWSKI Paweł
paweł bartłomiej	piskorski	PISKORSKI Paweł Bartłomiej
paweł robert	kowal	KOWAL Paweł Robert
peder	wachtmeister	WACHTMEISTER Peder
pedro	aparicio sánchez	APARICIO SÁNCHEZ Pedro
pedro	guerreiro	GUERREIRO Pedro
pedro	marset campos	MARSET CAMPOS Pedro
pedro	silva pereira	SILVA PEREIRA Pedro
peeter	kreitzberg	KREITZBERG Peeter
per	gahrton	GAHRTON Per
per	stenmarck	STENMARCK Per
per-arne	arvidsson	ARVIDSSON Per-Arne
pere	esteve	ESTEVE Pere
pernille	frahm	FRAHM Pernille
pertti	paasio	PAASIO Pertti
pervenche	berès	BERÈS Pervenche
peter	baco	BACO Peter
peter	bossu	BOSSU Peter
peter	eriksson	ERIKSSON Peter
peter	jahr	JAHR Peter
peter	kittelmann	KITTELMANN Peter
peter	liese	LIESE Peter
peter	lundgren	LUNDGREN Peter
peter	pex	PEX Peter
peter	sichrovsky	SICHROVSKY Peter
peter	simon	SIMON Peter
peter	skinner	SKINNER Peter
peter	truscott	TRUSCOTT Peter
peter	van dalen	VAN DALEN Peter
peter	šťastný	ŠŤASTNÝ Peter
peter duncan	crampton	CRAMPTON Peter Duncan
peter michael	mombaur	MOMBAUR Peter Michael
petr	duchoň	DUCHOŇ Petr
petr	ježek	JEŽEK Petr
petr	lachnit	LACHNIT Petr
petr	mach	MACH Petr
petr	šulák	ŠULÁK Petr
petra	kammerevert	KAMMEREVERT Petra
petra	masácová	MASÁCOVÁ Petra
petras	auštrevičius	AUŠTREVIČIUS Petras
petre	popeangă	POPEANGĂ Petre
petri	sarvamaa	SARVAMAA Petri
petros	efthymiou	EFTHYMIOU Petros
petru	filip	FILIP Petru
petru constantin	luhan	LUHAN Petru Constantin
petrus a.m.	cornelissen	CORNELISSEN Petrus A.M.
petya	stavreva	STAVREVA Petya
phil	bennion	BENNION Phil
phil	prendergast	PRENDERGAST Phil
philip	bradbourn	BRADBOURN Philip
philip	bushill-matthews	BUSHILL-MATTHEWS Philip
philip	claeys	CLAEYS Philip
philip dimitrov	dimitrov	DIMITROV Philip Dimitrov
philippe	boulland	BOULLAND Philippe
philippe	busquin	BUSQUIN Philippe
philippe	de backer	DE BACKER Philippe
philippe	de villiers	DE VILLIERS Philippe
philippe	juvin	JUVIN Philippe
philippe	lamberts	LAMBERTS Philippe
philippe	loiseau	LOISEAU Philippe
philippe	morillon	MORILLON Philippe
philippe a.r.	herzog	HERZOG Philippe A.R.
philippe c.	de coene	DE COENE Philippe C.
philippe j.f.	monfils	MONFILS Philippe J.F.
philippe-armand	martin	MARTIN Philippe-Armand
phillip	whitehead	WHITEHEAD Phillip
pia elda	locatelli	LOCATELLI Pia Elda
pier antonio	panzeri	PANZERI Pier Antonio
pier ferdinando	casini	CASINI Pier Ferdinando
pier luigi	bersani	BERSANI Pier Luigi
pierluigi	castagnetti	CASTAGNETTI Pierluigi
piernicola	pedicini	PEDICINI Piernicola
pierre	bernard-reymond	BERNARD-REYMOND Pierre
pierre	carniti	CARNITI Pierre
pierre	jonckheer	JONCKHEER Pierre
pierre	lataillade	LATAILLADE Pierre
pierre	moscovici	MOSCOVICI Pierre
pierre	pradier	PRADIER Pierre
pierre	pribetich	PRIBETICH Pierre
pierre	schapira	SCHAPIRA Pierre
pierre	schori	SCHORI Pierre
pieter	dankert	DANKERT Pieter
pietro antonio	di prima	DI PRIMA Pietro Antonio
pietro-paolo	mennea	MENNEA Pietro-Paolo
piia-noora	kauppi	KAUPPI Piia-Noora
pilar	ayuso	AYUSO Pilar
pilar	del castillo vera	DEL CASTILLO VERA Pilar
pina	picierno	PICIERNO Pina
pino	arlacchi	ARLACCHI Pino
piotr	borys	BORYS Piotr
piotr	gadzinowski	GADZINOWSKI Piotr
pirjo	rusanen	RUSANEN Pirjo
potito	salatto	SALATTO Potito
poul	schlüter	SCHLÜTER Poul
poul nyrup	rasmussen	RASMUSSEN Poul Nyrup
preslav	borissov	BORISSOV Preslav
proinsias	de rossa	DE ROSSA Proinsias
pál	csáky	CSÁKY Pál
pál	schmitt	SCHMITT Pál
pál	vastagh	VASTAGH Pál
péter	niedermüller	NIEDERMÜLLER Péter
péter	olajos	OLAJOS Péter
quinídio	correia	CORREIA Quinídio
rachida	dati	DATI Rachida
radu	podgorean	PODGOREAN Radu
radu	țîrle	ȚÎRLE Radu
radvilė	morkūnaitė-mikulėnienė	MORKŪNAITĖ-MIKULĖNIENĖ Radvilė
rafał	trzaskowski	TRZASKOWSKI Rafał
raffaele	baldassarre	BALDASSARRE Raffaele
raffaele	costa	COSTA Raffaele
raffaele	fitto	FITTO Raffaele
raffaele	lombardo	LOMBARDO Raffaele
raimo	ilaskivi	ILASKIVI Raimo
raimon	obiols	OBIOLS Raimon
raimondo	fassa	FASSA Raimondo
raina a. mercedes	echerer	ECHERER Raina A. Mercedes
rainer	wieland	WIELAND Rainer
ralf	walter	WALTER Ralf
ramon	tremosa i balcells	TREMOSA I BALCELLS Ramon
ramona nicole	mănescu	MĂNESCU Ramona Nicole
ramón	jáuregui atondo	JÁUREGUI ATONDO Ramón
ramón luis	valcárcel siso	VALCÁRCEL SISO Ramón Luis
raphaël m.g.	chanterie	CHANTERIE Raphaël M.G.
rapisardo	antinucci	ANTINUCCI Rapisardo
raquel	cardoso	CARDOSO Raquel
rareș-lucian	niculescu	NICULESCU Rareș-Lucian
raymond	chesa	CHESA Raymond
raymond	finch	FINCH Raymond
raymond	langendries	LANGENDRIES Raymond
raymonde m.e.a.	dury	DURY Raymonde M.E.A.
raúl miguel	rosado fernandes	ROSADO FERNANDES Raúl Miguel
raül	romeva i rueda	ROMEVA I RUEDA Raül
rebecca	harms	HARMS Rebecca
rebecca	taylor	TAYLOR Rebecca
regina	bastos	BASTOS Regina
reimer	böge	BÖGE Reimer
reinhard	bütikofer	BÜTIKOFER Reinhard
reinhard	rack	RACK Reinhard
reinhold	messner	MESSNER Reinhold
reino	paasilinna	PAASILINNA Reino
remo	sernagiotto	SERNAGIOTTO Remo
renata	briano	BRIANO Renata
renate	sommer	SOMMER Renate
renate	weber	WEBER Renate
renate charlotte	heinisch	HEINISCH Renate Charlotte
renato	brunetta	BRUNETTA Renato
renato	soru	SORU Renato
renaud	muselier	MUSELIER Renaud
renzo	imbeni	IMBENI Renzo
rené-emile	piquet	PIQUET René-Emile
ria	oomen-ruijten	OOMEN-RUIJTEN Ria
ricardo	cortés lastra	CORTÉS LASTRA Ricardo
ricardo	serrão santos	SERRÃO SANTOS Ricardo
riccardo	garosci	GAROSCI Riccardo
riccardo	nencini	NENCINI Riccardo
riccardo	ventre	VENTRE Riccardo
richard	ashworth	ASHWORTH Richard
richard	corbett	CORBETT Richard
richard	falbr	FALBR Richard
richard	howitt	HOWITT Richard
richard	seeber	SEEBER Richard
richard	sulík	SULÍK Richard
richard a.	balfe	BALFE Richard A.
rihards	pīks	PĪKS Rihards
riikka	pakarinen	PAKARINEN Riikka
riitta	jouppila	JOUPPILA Riitta
riitta	myller	MYLLER Riitta
rijk	van dam	VAN DAM Rijk
rikke	karlsson	KARLSSON Rikke
rina ronja	kari	KARI Rina Ronja
rinaldo	bontempi	BONTEMPI Rinaldo
rita	borsellino	BORSELLINO Rita
ritva tellervo	laurila	LAURILA Ritva Tellervo
robert	atkins	ATKINS Robert
robert	dušek	DUŠEK Robert
robert	evans	EVANS Robert
robert	goebbels	GOEBBELS Robert
robert	goodwill	GOODWILL Robert
robert	hue	HUE Robert
robert	kilroy-silk	KILROY-SILK Robert
robert	kolář	KOLÁŘ Robert
robert	navarro	NAVARRO Robert
robert	rochefort	ROCHEFORT Robert
robert	smoleń	SMOLEŃ Robert
robert	sturdy	STURDY Robert
robert e.v.	hersant	HERSANT Robert E.V.
robert jan	goedbloed	GOEDBLOED Robert Jan
robert jarosław	iwaszkiewicz	IWASZKIEWICZ Robert Jarosław
roberta	angelilli	ANGELILLI Roberta
roberta	metsola	METSOLA Roberta
roberta alma	anastase	ANASTASE Roberta Alma
roberto	barzanti	BARZANTI Roberto
roberto	dietrich	DIETRICH Roberto
roberto	fiore	FIORE Roberto
roberto	gualtieri	GUALTIERI Roberto
roberto	mezzaroma	MEZZAROMA Roberto
roberto	musacchio	MUSACCHIO Roberto
roberto	speciale	SPECIALE Roberto
roberto felice	bigliardo	BIGLIARDO Roberto Felice
roberts	zīle	ZĪLE Roberts
robin	teverson	TEVERSON Robin
rocco	buttiglione	BUTTIGLIONE Rocco
rodi	kratsa-tsagaropoulou	KRATSA-TSAGAROPOULOU Rodi
roger	barton	BARTON Roger
roger	helmer	HELMER Roger
roger	karoutchi	KAROUTCHI Roger
roger	knapman	KNAPMAN Roger
roland	gewalt	GEWALT Roland
rolandas	paksas	PAKSAS Rolandas
rolandas	pavilionis	PAVILIONIS Rolandas
rolf	berend	BEREND Rolf
rolf	linkohr	LINKOHR Rolf
roman	jakič	JAKIČ Roman
romana	jerković	JERKOVIĆ Romana
romana	jordan	JORDAN Romana
romana	tomc	TOMC Romana
romanas algimantas	sedlickas	SEDLICKAS Romanas Algimantas
romano maria	la russa	LA RUSSA Romano Maria
d'amato rosa		 D'AMATO Rosa
rosa	díez gonzález	DÍEZ GONZÁLEZ Rosa
rosa	estaràs ferragut	ESTARÀS FERRAGUT Rosa
rosa	miguélez ramos	MIGUÉLEZ RAMOS Rosa
rosario	crocetta	CROCETTA Rosario
roseline	vachetta	VACHETTA Roseline
roselyne	bachelot-narquin	BACHELOT-NARQUIN Roselyne
roselyne	lefrançois	LEFRANÇOIS Roselyne
rosemarie	müller	MÜLLER Rosemarie
rosemarie	wemheuer	WEMHEUER Rosemarie
rovana	plumb	PLUMB Rovana
roy	perry	PERRY Roy
rudolf	žiak	ŽIAK Rudolf
rui	tavares	TAVARES Rui
rui	vieira	VIEIRA Rui
rumiana	jeleva	JELEVA Rumiana
ruth	hieronymi	HIERONYMI Ruth
ruža	tomašić	TOMAŠIĆ Ruža
ryszard	czarnecki	CZARNECKI Ryszard
ryszard antoni	legutko	LEGUTKO Ryszard Antoni
ryszard roman	kalisz	KALISZ Ryszard Roman
róbert	fico	FICO Róbert
róża gräfin von	thun und hohenstein	THUN UND HOHENSTEIN Róża Gräfin von
saara-maria	paakkinen	PAAKKINEN Saara-Maria
sabine	lösing	LÖSING Sabine
sabine	verheyen	VERHEYEN Sabine
sabine	wils	WILS Sabine
sabine	zissener	ZISSENER Sabine
sahra	wagenknecht	WAGENKNECHT Sahra
sajjad	karim	KARIM Sajjad
salvador	garriga polledo	GARRIGA POLLEDO Salvador
salvador	jové peres	JOVÉ PERES Salvador
salvador	sedó i alabart	SEDÓ I ALABART Salvador
salvador domingo	sanz palacio	SANZ PALACIO Salvador Domingo
salvatore	caronna	CARONNA Salvatore
salvatore	cicu	CICU Salvatore
salvatore	iacolino	IACOLINO Salvatore
salvatore	tatarella	TATARELLA Salvatore
salvatore domenico	pogliese	POGLIESE Salvatore Domenico
sami	naïr	NAÏR Sami
sampo	terho	TERHO Sampo
samuli	pohjamo	POHJAMO Samuli
sander	loones	LOONES Sander
sandra	kalniete	KALNIETE Sandra
sandra	petrović jakovina	PETROVIĆ JAKOVINA Sandra
sandrine	bélier	BÉLIER Sandrine
santiago	fisas ayxelà	FISAS AYXELÀ Santiago
sarah	ludford	LUDFORD Sarah
sari	essayah	ESSAYAH Sari
satu	hassi	HASSI Satu
saïd	el khadraoui	EL KHADRAOUI Saïd
seb	dance	DANCE Seb
sebastian valentin	bodu	BODU Sebastian Valentin
sebastiano	sanzarello	SANZARELLO Sebastiano
sebastiano (nello)	musumeci	MUSUMECI Sebastiano (Nello)
sepp	kusstatscher	KUSSTATSCHER Sepp
seppo viljo	pelttari	PELTTARI Seppo Viljo
sergei	stanishev	STANISHEV Sergei
sergej	kozlík	KOZLÍK Sergej
sergio	berlato	BERLATO Sergio
sergio	gutiérrez prieto	GUTIÉRREZ PRIETO Sergio
sergio gaetano	cofferati	COFFERATI Sergio Gaetano
sergio paolo francesco	silvestris	SILVESTRIS Sergio Paolo Francesco
seán	kelly	KELLY Seán
seán	ó neachtain	Ó NEACHTAIN Seán
sharon	bowles	BOWLES Sharon
shaun mark	spiers	SPIERS Shaun Mark
sidonia elżbieta	jędrzejewska	JĘDRZEJEWSKA Sidonia Elżbieta
siegbert	alber	ALBER Siegbert
siegfried	mureșan	MUREȘAN Siegfried
siiri	oviir	OVIIR Siiri
silva	golde	GOLDE Silva
silvana	koch-mehrin	KOCH-MEHRIN Silvana
silvia	ciornei	CIORNEI Silvia
silvia	costa	COSTA Silvia
silvia-adriana	țicău	ȚICĂU Silvia-Adriana
silvio	berlusconi	BERLUSCONI Silvio
simon	busuttil	BUSUTTIL Simon
simon	coveney	COVENEY Simon
simon francis	murphy	MURPHY Simon Francis
simona	bonafè	BONAFÈ Simona
sirkka-liisa	anttila	ANTTILA Sirkka-Liisa
sirpa	pietikäinen	PIETIKÄINEN Sirpa
siôn	simon	SIMON Siôn
ska	keller	KELLER Ska
slavi	binev	BINEV Slavi
sofia	ribeiro	RIBEIRO Sofia
sofia	sakorafa	SAKORAFA Sofia
soledad	cabezón ruiz	CABEZÓN RUIZ Soledad
sonia	alfano	ALFANO Sonia
 't veld sophia	in	IN  'T VELD Sophia
sophie	auconie	AUCONIE Sophie
sophie	montel	MONTEL Sophie
sophocles	sophocleous	SOPHOCLEOUS Sophocles
soraya	post	POST Soraya
sorin	frunzăverde	FRUNZĂVERDE Sorin
sorin	moisă	MOISĂ Sorin
sotirios	zarianopoulos	ZARIANOPOULOS Sotirios
spalato	belleré	BELLERÉ Spalato
spyros	danellis	DANELLIS Spyros
staffan	burenstam linder	BURENSTAM LINDER Staffan
stanimir	ilchev	ILCHEV Stanimir
stanislav	polčák	POLČÁK Stanislav
stanislaw	tillich	TILLICH Stanislaw
stanisław	jałowiecki	JAŁOWIECKI Stanisław
stanisław	ożóg	OŻÓG Stanisław
stanisław	łyżwiński	ŁYŻWIŃSKI Stanisław
stanisław	żółtek	ŻÓŁTEK Stanisław
stavros	arnaoutakis	ARNAOUTAKIS Stavros
stavros	lambrinidis	LAMBRINIDIS Stavros
stavros	xarchakos	XARCHAKOS Stavros
steeve	briois	BRIOIS Steeve
stefan	eck	ECK Stefan
stefan	sofianski	SOFIANSKI Stefan
stefano	de luca	DE LUCA Stefano
stefano	zappalà	ZAPPALÀ Stefano
stelios	argyros	ARGYROS Stelios
stelios	kouloglou	KOULOGLOU Stelios
stephen	hughes	HUGHES Stephen
steven	woolfe	WOOLFE Steven
struan	stevenson	STEVENSON Struan
stylianos	panagopoulos	PANAGOPOULOS Stylianos
stéphane	buffetaut	BUFFETAUT Stéphane
stéphane	le foll	LE FOLL Stéphane
susan a.	waddington	WADDINGTON Susan A.
susanne	melior	MELIOR Susanne
susanne	riess-passer	RIESS-PASSER Susanne
susy	de martini	DE MARTINI Susy
sven	giegold	GIEGOLD Sven
sven	schulze	SCHULZE Sven
svetoslav hristov	malinov	MALINOV Svetoslav Hristov
syed	kamall	KAMALL Syed
sylvana	rapti	RAPTI Sylvana
sylvia-yvonne	kaufmann	KAUFMANN Sylvia-Yvonne
sylviane h.	ainardi	AINARDI Sylviane H.
sylvie	goddyn	GODDYN Sylvie
sylvie	goulard	GOULARD Sylvie
sylvie	guillaume	GUILLAUME Sylvie
sylwester	chruszcz	CHRUSZCZ Sylwester
sylwia	pusz	PUSZ Sylwia
szabolcs	fazakas	FAZAKAS Szabolcs
sándor	kónya-hamar	KÓNYA-HAMAR Sándor
sérgio	marques	MARQUES Sérgio
sérgio	ribeiro	RIBEIRO Sérgio
sérgio	sousa pinto	SOUSA PINTO Sérgio
sören	wibe	WIBE Sören
søren bo	søndergaard	SØNDERGAARD Søren Bo
sławomir	nitras	NITRAS Sławomir
tadeusz	cymański	CYMAŃSKI Tadeusz
tadeusz	iwiński	IWIŃSKI Tadeusz
tadeusz	ross	ROSS Tadeusz
tadeusz	zwiefka	ZWIEFKA Tadeusz
takis	hadjigeorgiou	HADJIGEORGIOU Takis
tamás	deutsch	DEUTSCH Tamás
tamás	meszerics	MESZERICS Tamás
tania	gonzález peñas	GONZÁLEZ PEÑAS Tania
tanja	fajon	FAJON Tanja
tanja	vrbat	VRBAT Tanja
tarja	cronberg	CRONBERG Tarja
tatjana	ždanoka	ŽDANOKA Tatjana
tchetin	kazak	KAZAK Tchetin
terence	wynn	WYNN Terence
teresa	almeida garrett	ALMEIDA GARRETT Teresa
teresa	jiménez-becerril barrio	JIMÉNEZ-BECERRIL BARRIO Teresa
teresa	riera madurell	RIERA MADURELL Teresa
teresa	rodriguez-rubio	RODRIGUEZ-RUBIO Teresa
terry	reintke	REINTKE Terry
the earl of	stockton	STOCKTON The Earl Of
theodor dumitru	stolojan	STOLOJAN Theodor Dumitru
theodoros	skylakakis	SKYLAKAKIS Theodoros
theodoros	zagorakis	ZAGORAKIS Theodoros
theodorus j.j.	bouwman	BOUWMAN Theodorus J.J.
theresa	griffin	GRIFFIN Theresa
theresa	villiers	VILLIERS Theresa
theresa	zabell	ZABELL Theresa
therese	comodini cachia	COMODINI CACHIA Therese
thierry	cornillet	CORNILLET Thierry
thierry	de la perriere	DE LA PERRIERE Thierry
thierry b.	jean-pierre	JEAN-PIERRE Thierry B.
thijs	berman	BERMAN Thijs
thomas	händel	HÄNDEL Thomas
thomas	mann	MANN Thomas
thomas	megahy	MEGAHY Thomas
thomas	ulmer	ULMER Thomas
thomas	wise	WISE Thomas
tiberiu	bărbulețiu	BĂRBULEȚIU Tiberiu
tibor	szanyi	SZANYI Tibor
tim	aker	AKER Tim
timo	soini	SOINI Timo
timo juhani	järvilahti	JÄRVILAHTI Timo Juhani
timothy	kirkhope	KIRKHOPE Timothy
titus	corlățean	CORLĂȚEAN Titus
tiziana	beghin	BEGHIN Tiziana
tiziano	motti	MOTTI Tiziano
tobias	pflüger	PFLÜGER Tobias
toine	manders	MANDERS Toine
tokia	saïfi	SAÏFI Tokia
tom	spencer	SPENCER Tom
tom	vandenkendelaere	VANDENKENDELAERE Tom
tomasz piotr	poręba	PORĘBA Tomasz Piotr
tomislav	donchev	DONCHEV Tomislav
tommy	waidelich	WAIDELICH Tommy
tomáš	galbavỷ	GALBAVỶ Tomáš
tomáš	zatloukal	ZATLOUKAL Tomáš
tomáš	zdechovský	ZDECHOVSKÝ Tomáš
tonino	picula	PICULA Tonino
tony a.	cunningham	CUNNINGHAM Tony A.
toomas	savi	SAVI Toomas
toomas hendrik	ilves	ILVES Toomas Hendrik
torben	lund	LUND Torben
traian	ungureanu	UNGUREANU Traian
trevor	colman	COLMAN Trevor
tunne	kelam	KELAM Tunne
udo	bullmann	BULLMANN Udo
udo	voigt	VOIGT Udo
ulf	holm	HOLM Ulf
ulla	tørnæs	TØRNÆS Ulla
ulla margrethe	sandbæk	SANDBÆK Ulla Margrethe
ulpu	iivari	IIVARI Ulpu
ulrich	stockmann	STOCKMANN Ulrich
ulrike	lunacek	LUNACEK Ulrike
ulrike	müller	MÜLLER Ulrike
ulrike	rodust	RODUST Ulrike
ulrike	trebesius	TREBESIUS Ulrike
uma	aaltonen	AALTONEN Uma
umberto	bossi	BOSSI Umberto
umberto	guidoni	GUIDONI Umberto
umberto	pirilli	PIRILLI Umberto
umberto	scapagnini	SCAPAGNINI Umberto
undine-uta	bloch von blottnitz	BLOCH VON BLOTTNITZ Undine-Uta
urmas	paet	PAET Urmas
ursula	schleicher	SCHLEICHER Ursula
ursula	stenzel	STENZEL Ursula
urszula	gacek	GACEK Urszula
urszula	krupa	KRUPA Urszula
valdemar	tomaševski	TOMAŠEVSKI Valdemar
valdis	dombrovskis	DOMBROVSKIS Valdis
valentinas	mazuronis	MAZURONIS Valentinas
valerio	baldini	BALDINI Valerio
valeriu ștefan	zgonea	ZGONEA Valeriu Ștefan
 van raay james l.	janssen	JANSSEN  van RAAY James L.
vasco	graça moura	GRAÇA MOURA Vasco
vasile	dîncu	DÎNCU Vasile
vasile	pușcaș	PUȘCAȘ Vasile
vassilis	ephremidis	EPHREMIDIS Vassilis
vassos	lyssaridis	LYSSARIDIS Vassos
veronica	palm	PALM Veronica
veronica mary	hardstaff	HARDSTAFF Veronica Mary
verónica	lope fontagné	LOPE FONTAGNÉ Verónica
vicente miguel	garcés ramón	GARCÉS RAMÓN Vicente Miguel
vicky	ford	FORD Vicky
vicky	maeijer	MAEIJER Vicky
victor	boștinaru	BOȘTINARU Victor
victor	negrescu	NEGRESCU Victor
viktor	uspaskich	USPASKICH Viktor
viktória	mohácsi	MOHÁCSI Viktória
viliam	veteška	VETEŠKA Viliam
vilija	blinkevičiūtė	BLINKEVIČIŪTĖ Vilija
vilja	savisaar-toomast	SAVISAAR-TOOMAST Vilja
ville	itälä	ITÄLÄ Ville
vilém	holáň	HOLÁŇ Vilém
vincent	peillon	PEILLON Vincent
vincenzo	aita	AITA Vincenzo
vincenzo	iovine	IOVINE Vincenzo
vincenzo	lavarra	LAVARRA Vincenzo
vincenzo	viola	VIOLA Vincenzo
viorel	duca	DUCA Viorel
viorica	dăncilă	DĂNCILĂ Viorica
viorica-pompilia-georgeta	moisuc	MOISUC Viorica-Pompilia-Georgeta
virginie	rozière	ROZIÈRE Virginie
vital	moreira	MOREIRA Vital
vitaliano	gemelli	GEMELLI Vitaliano
vito	bonsignore	BONSIGNORE Vito
vittorio	agnoletto	AGNOLETTO Vittorio
vittorio	prodi	PRODI Vittorio
vittorio	sgarbi	SGARBI Vittorio
viviane	reding	REDING Viviane
vlad gabriel	hogea	HOGEA Vlad Gabriel
vladimir	urutchev	URUTCHEV Vladimir
vladimír	laštůvka	LAŠTŮVKA Vladimír
vladimír	maňka	MAŇKA Vladimír
vladimír	remek	REMEK Vladimír
vladimír	železný	ŽELEZNÝ Vladimír
vladko todorov	panayotov	PANAYOTOV Vladko Todorov
vojtěch	mynář	MYNÁŘ Vojtěch
vural	öger	ÖGER Vural
vytautas	kvietkauskas	KVIETKAUSKAS Vytautas
vytautas	landsbergis	LANDSBERGIS Vytautas
véronique	de keyser	DE KEYSER Véronique
véronique	mathieu houillon	MATHIEU HOUILLON Véronique
věra	flasarová	FLASAROVÁ Věra
w.g.	van velzen	VAN VELZEN W.G.
wacław	klukowski	KLUKOWSKI Wacław
walter	veltroni	VELTRONI Walter
ward	beysen	BEYSEN Ward
wayne	david	DAVID Wayne
werner	kuhn	KUHN Werner
werner	langen	LANGEN Werner
werner	schulz	SCHULZ Werner
wiesław stefan	kuc	KUC Wiesław Stefan
wilfried	kuckelkorn	KUCKELKORN Wilfried
wilfried	telkämper	TELKÄMPER Wilfried
wilfried a.e.	martens	MARTENS Wilfried A.E.
willem	schuth	SCHUTH Willem
willi	görlach	GÖRLACH Willi
willi	piecyk	PIECYK Willi
willi	rothley	ROTHLEY Willi
william	abitbol	ABITBOL William
william	dartmouth	DARTMOUTH William
willy	meyer	MEYER Willy
willy c.e.h.	de clercq	DE CLERCQ Willy C.E.H.
wilmya	zimmermann	ZIMMERMANN Wilmya
wim	van de camp	VAN DE CAMP Wim
wim	van velzen	VAN VELZEN Wim
winfried	menrad	MENRAD Winfried
winifred m.	ewing	EWING Winifred M.
witold	tomczak	TOMCZAK Witold
wojciech	roszkowski	ROSZKOWSKI Wojciech
wojciech	wierzejski	WIERZEJSKI Wojciech
wojciech michał	olejniczak	OLEJNICZAK Wojciech Michał
wolf	klinz	KLINZ Wolf
wolfgang	bulfon	BULFON Wolfgang
wolfgang	ilgenfritz	ILGENFRITZ Wolfgang
wolfgang	jung	JUNG Wolfgang
wolfgang	kreissl-dörfler	KREISSL-DÖRFLER Wolfgang
ußbaumer wolfgang	n	N UßBAUMER Wolfgang
wolfgang	ullmann	ULLMANN Wolfgang
xaver	mayer	MAYER Xaver
yana	toom	TOOM Yana
yannick	jadot	JADOT Yannick
yannick	vaugrenard	VAUGRENARD Yannick
yannos	kranidiotis	KRANIDIOTIS Yannos
yasmine	boudjenah	BOUDJENAH Yasmine
yiannakis	matsis	MATSIS Yiannakis
yiannis	roubatis	ROUBATIS Yiannis
younous	omarjee	OMARJEE Younous
yvan m.	blot	BLOT Yvan M.
yves	butel	BUTEL Yves
yves	cochet	COCHET Yves
yves	piétrasanta	PIÉTRASANTA Yves
yves	verwaerde	VERWAERDE Yves
yvonne	sandberg-fries	SANDBERG-FRIES Yvonne
zbigniew	chrzanowski	CHRZANOWSKI Zbigniew
zbigniew	kuźmiuk	KUŹMIUK Zbigniew
zbigniew	zaleski	ZALESKI Zbigniew
zbigniew	ziobro	ZIOBRO Zbigniew
zbyszek	zaborowski	ZABOROWSKI Zbyszek
zdravka	bušić	BUŠIĆ Zdravka
zdzisław	krasnodębski	KRASNODĘBSKI Zdzisław
zdzisław kazimierz	chmielewski	CHMIELEWSKI Zdzisław Kazimierz
zdzisław zbigniew	podkański	PODKAŃSKI Zdzisław Zbigniew
zigmantas	balčytis	BALČYTIS Zigmantas
zita	gurmai	GURMAI Zita
zita	pleštinská	PLEŠTINSKÁ Zita
zofia	grzebisz-nowicka	GRZEBISZ-NOWICKA Zofia
zofija	mazej kukovič	MAZEJ KUKOVIČ Zofija
zoltán	bagó	BAGÓ Zoltán
zoltán	balczó	BALCZÓ Zoltán
zoltán	szabó	SZABÓ Zoltán
zoran	thaler	THALER Zoran
zsolt	németh	NÉMETH Zsolt
zsolt lászló	becsey	BECSEY Zsolt László
zuzana	brzobohatá	BRZOBOHATÁ Zuzana
zuzana	martináková	MARTINÁKOVÁ Zuzana
zuzana	roithová	ROITHOVÁ Zuzana
zygmunt alojzy	cybulski	CYBULSKI Zygmunt Alojzy
ádám	kósa	KÓSA Ádám
ágnes	hankiss	HANKISS Ágnes
ágnes	vadai	VADAI Ágnes
ángela	vallina	VALLINA Ángela
árpád	duka-zólyomi	DUKA-ZÓLYOMI Árpád
åsa	westlund	WESTLUND Åsa
íñigo	méndez de vigo	MÉNDEZ DE VIGO Íñigo
šarūnas	birutis	BIRUTIS Šarūnas
șerban	nicolae	NICOLAE Șerban
ģirts valdis	kristovskis	KRISTOVSKIS Ģirts Valdis
